"Description";"Native";"Bytes";"R-encoding"
"AERIAL TRAMWAY";"🚡";"\xF0\x9F\x9A\xA1";"<ed><a0><bd><ed><ba><a1>"
"AIRPLANE";"✈";"\xE2\x9C\x88";"<e2><9c><88>"
"ALARM CLOCK";"⏰";"\xE2\x8F\xB0";"<e2><8f><b0>"
"ALIEN MONSTER";"👾";"\xF0\x9F\x91\xBE";"<ed><a0><bd><ed><b1><be>"
"AMBULANCE";"🚑";"\xF0\x9F\x9A\x91";"<ed><a0><bd><ed><ba><91>"
"AMERICAN FOOTBALL";"🏈";"\xF0\x9F\x8F\x88";"<ed><a0><bc><ed><bf><88>"
"ANCHOR";"⚓";"\xE2\x9A\x93";"<e2><9a><93>"
"ANGER SYMBOL";"💢";"\xF0\x9F\x92\xA2";"<ed><a0><bd><ed><b2><a2>"
"ANGRY FACE";"😠";"\xF0\x9F\x98\xA0";"<ed><a0><bd><ed><b8><a0>"
"ANGUISHED FACE";"😧";"\xF0\x9F\x98\xA7";"<ed><a0><bd><ed><b8><a7>"
"ANT";"🐜";"\xF0\x9F\x90\x9C";"<ed><a0><bd><ed><b0><9c>"
"ANTENNA WITH BARS";"📶";"\xF0\x9F\x93\xB6";"<ed><a0><bd><ed><b3><b6>"
"ANTICLOCKWISE DOWNWARDS AND UPWARDS OPEN CIRCLE ARROWS";"🔄";"\xF0\x9F\x94\x84";"<ed><a0><bd><ed><b4><84>"
"AQUARIUS";"♒";"\xE2\x99\x92";"<e2><99><92>"
"ARIES";"♈";"\xE2\x99\x88";"<e2><99><88>"
"ARROW POINTING RIGHTWARDS THEN CURVING DOWNWARDS";"⤵";"\xE2\xA4\xB5";"<e2><a4><b5>"
"ARROW POINTING RIGHTWARDS THEN CURVING UPWARDS";"⤴";"\xE2\xA4\xB4";"<e2><a4><b4>"
"ARTICULATED LORRY";"🚛";"\xF0\x9F\x9A\x9B";"<ed><a0><bd><ed><ba><9b>"
"ARTIST PALETTE";"🎨";"\xF0\x9F\x8E\xA8";"<ed><a0><bc><ed><be><a8>"
"ASTONISHED FACE";"😲";"\xF0\x9F\x98\xB2";"<ed><a0><bd><ed><b8><b2>"
"ATHLETIC SHOE";"👟";"\xF0\x9F\x91\x9F";"<ed><a0><bd><ed><b1><9f>"
"AUBERGINE";"🍆";"\xF0\x9F\x8D\x86";"<ed><a0><bc><ed><bd><86>"
"AUTOMATED TELLER MACHINE";"🏧";"\xF0\x9F\x8F\xA7";"<ed><a0><bc><ed><bf><a7>"
"AUTOMOBILE";"🚗";"\xF0\x9F\x9A\x97";"<ed><a0><bd><ed><ba><97>"
"BABY";"👶";"\xF0\x9F\x91\xB6";"<ed><a0><bd><ed><b1><b6>"
"BABY ANGEL";"👼";"\xF0\x9F\x91\xBC";"<ed><a0><bd><ed><b1><bc>"
"BABY BOTTLE";"🍼";"\xF0\x9F\x8D\xBC";"<ed><a0><bc><ed><bd><bc>"
"BABY CHICK";"🐤";"\xF0\x9F\x90\xA4";"<ed><a0><bd><ed><b0><a4>"
"BABY SYMBOL";"🚼";"\xF0\x9F\x9A\xBC";"<ed><a0><bd><ed><ba><bc>"
"BACK WITH LEFTWARDS ARROW ABOVE";"🔙";"\xF0\x9F\x94\x99";"<ed><a0><bd><ed><b4><99>"
"BACTRIAN CAMEL";"🐫";"\xF0\x9F\x90\xAB";"<ed><a0><bd><ed><b0><ab>"
"BAGGAGE CLAIM";"🛄";"\xF0\x9F\x9B\x84";"<ed><a0><bd><ed><bb><84>"
"BALLOON";"🎈";"\xF0\x9F\x8E\x88";"<ed><a0><bc><ed><be><88>"
"BALLOT BOX WITH CHECK";"☑";"\xE2\x98\x91";"<e2><98><91>"
"BANANA";"🍌";"\xF0\x9F\x8D\x8C";"<ed><a0><bc><ed><bd><8c>"
"BANK";"🏦";"\xF0\x9F\x8F\xA6";"<ed><a0><bc><ed><bf><a6>"
"BANKNOTE WITH DOLLAR SIGN";"💵";"\xF0\x9F\x92\xB5";"<ed><a0><bd><ed><b2><b5>"
"BANKNOTE WITH EURO SIGN";"💶";"\xF0\x9F\x92\xB6";"<ed><a0><bd><ed><b2><b6>"
"BANKNOTE WITH POUND SIGN";"💷";"\xF0\x9F\x92\xB7";"<ed><a0><bd><ed><b2><b7>"
"BANKNOTE WITH YEN SIGN";"💴";"\xF0\x9F\x92\xB4";"<ed><a0><bd><ed><b2><b4>"
"BAR CHART";"📊";"\xF0\x9F\x93\x8A";"<ed><a0><bd><ed><b3><8a>"
"BARBER POLE";"💈";"\xF0\x9F\x92\x88";"<ed><a0><bd><ed><b2><88>"
"BASEBALL";"⚾";"\xE2\x9A\xBE";"<e2><9a><be>"
"BASKETBALL AND HOOP";"🏀";"\xF0\x9F\x8F\x80";"<ed><a0><bc><ed><bf><80>"
"BATH";"🛀";"\xF0\x9F\x9B\x80";"<ed><a0><bd><ed><bb><80>"
"BATHTUB";"🛁";"\xF0\x9F\x9B\x81";"<ed><a0><bd><ed><bb><81>"
"BATTERY";"🔋";"\xF0\x9F\x94\x8B";"<ed><a0><bd><ed><b4><8b>"
"BEAR FACE";"🐻";"\xF0\x9F\x90\xBB";"<ed><a0><bd><ed><b0><bb>"
"BEATING HEART";"💓";"\xF0\x9F\x92\x93";"<ed><a0><bd><ed><b2><93>"
"BEER MUG";"🍺";"\xF0\x9F\x8D\xBA";"<ed><a0><bc><ed><bd><ba>"
"BELL";"🔔";"\xF0\x9F\x94\x94";"<ed><a0><bd><ed><b4><94>"
"BELL WITH CANCELLATION STROKE";"🔕";"\xF0\x9F\x94\x95";"<ed><a0><bd><ed><b4><95>"
"BENTO BOX";"🍱";"\xF0\x9F\x8D\xB1";"<ed><a0><bc><ed><bd><b1>"
"BICYCLE";"🚲";"\xF0\x9F\x9A\xB2";"<ed><a0><bd><ed><ba><b2>"
"BICYCLIST";"🚴";"\xF0\x9F\x9A\xB4";"<ed><a0><bd><ed><ba><b4>"
"BIKINI";"👙";"\xF0\x9F\x91\x99";"<ed><a0><bd><ed><b1><99>"
"BILLIARDS";"🎱";"\xF0\x9F\x8E\xB1";"<ed><a0><bc><ed><be><b1>"
"BIRD";"🐦";"\xF0\x9F\x90\xA6";"<ed><a0><bd><ed><b0><a6>"
"BIRTHDAY CAKE";"🎂";"\xF0\x9F\x8E\x82";"<ed><a0><bc><ed><be><82>"
"BLACK CLUB SUIT";"♣";"\xE2\x99\xA3";"<e2><99><a3>"
"BLACK DIAMOND SUIT";"♦";"\xE2\x99\xA6";"<e2><99><a6>"
"BLACK DOWN-POINTING DOUBLE TRIANGLE";"⏬";"\xE2\x8F\xAC";"<e2><8f><ac>"
"BLACK HEART SUIT";"♥";"\xE2\x99\xA5";"<e2><99><a5>"
"BLACK LARGE SQUARE";"⬛";"\xE2\xAC\x9B";"<e2><ac><9b>"
"BLACK LEFT-POINTING DOUBLE TRIANGLE";"⏪";"\xE2\x8F\xAA";"<e2><8f><aa>"
"BLACK LEFT-POINTING TRIANGLE";"◀";"\xE2\x97\x80";"<e2><97><80>"
"BLACK MEDIUM SMALL SQUARE";"◾";"\xE2\x97\xBE";"<e2><97><be>"
"BLACK MEDIUM SQUARE";"◼";"\xE2\x97\xBC";"<e2><97><bc>"
"BLACK NIB";"✒";"\xE2\x9C\x92";"<e2><9c><92>"
"BLACK QUESTION MARK ORNAMENT";"❓";"\xE2\x9D\x93";"<e2><9d><93>"
"BLACK RIGHT-POINTING DOUBLE TRIANGLE";"⏩";"\xE2\x8F\xA9";"<e2><8f><a9>"
"BLACK RIGHT-POINTING TRIANGLE";"▶";"\xE2\x96\xB6";"<e2><96><b6>"
"BLACK RIGHTWARDS ARROW";"➡";"\xE2\x9E\xA1";"<e2><9e><a1>"
"BLACK SCISSORS";"✂";"\xE2\x9C\x82";"<e2><9c><82>"
"BLACK SMALL SQUARE";"▪";"\xE2\x96\xAA";"<e2><96><aa>"
"BLACK SPADE SUIT";"♠";"\xE2\x99\xA0";"<e2><99><a0>"
"BLACK SQUARE BUTTON";"🔲";"\xF0\x9F\x94\xB2";"<ed><a0><bd><ed><b4><b2>"
"BLACK SUN WITH RAYS";"☀";"\xE2\x98\x80";"<e2><98><80>"
"BLACK TELEPHONE";"☎";"\xE2\x98\x8E";"<e2><98><8e>"
"BLACK UNIVERSAL RECYCLING SYMBOL";"♻";"\xE2\x99\xBB";"<e2><99><bb>"
"BLACK UP-POINTING DOUBLE TRIANGLE";"⏫";"\xE2\x8F\xAB";"<e2><8f><ab>"
"BLOSSOM";"🌼";"\xF0\x9F\x8C\xBC";"<ed><a0><bc><ed><bc><bc>"
"BLOWFISH";"🐡";"\xF0\x9F\x90\xA1";"<ed><a0><bd><ed><b0><a1>"
"BLUE BOOK";"📘";"\xF0\x9F\x93\x98";"<ed><a0><bd><ed><b3><98>"
"BLUE HEART";"💙";"\xF0\x9F\x92\x99";"<ed><a0><bd><ed><b2><99>"
"BOAR";"🐗";"\xF0\x9F\x90\x97";"<ed><a0><bd><ed><b0><97>"
"BOMB";"💣";"\xF0\x9F\x92\xA3";"<ed><a0><bd><ed><b2><a3>"
"BOOKMARK";"🔖";"\xF0\x9F\x94\x96";"<ed><a0><bd><ed><b4><96>"
"BOOKMARK TABS";"📑";"\xF0\x9F\x93\x91";"<ed><a0><bd><ed><b3><91>"
"BOOKS";"📚";"\xF0\x9F\x93\x9A";"<ed><a0><bd><ed><b3><9a>"
"BOUQUET";"💐";"\xF0\x9F\x92\x90";"<ed><a0><bd><ed><b2><90>"
"BOWLING";"🎳";"\xF0\x9F\x8E\xB3";"<ed><a0><bc><ed><be><b3>"
"BOY";"👦";"\xF0\x9F\x91\xA6";"<ed><a0><bd><ed><b1><a6>"
"BREAD";"🍞";"\xF0\x9F\x8D\x9E";"<ed><a0><bc><ed><bd><9e>"
"BRIDE WITH VEIL";"👰";"\xF0\x9F\x91\xB0";"<ed><a0><bd><ed><b1><b0>"
"BRIDGE AT NIGHT";"🌉";"\xF0\x9F\x8C\x89";"<ed><a0><bc><ed><bc><89>"
"BRIEFCASE";"💼";"\xF0\x9F\x92\xBC";"<ed><a0><bd><ed><b2><bc>"
"BROKEN HEART";"💔";"\xF0\x9F\x92\x94";"<ed><a0><bd><ed><b2><94>"
"BUG";"🐛";"\xF0\x9F\x90\x9B";"<ed><a0><bd><ed><b0><9b>"
"BUS";"🚌";"\xF0\x9F\x9A\x8C";"<ed><a0><bd><ed><ba><8c>"
"BUS STOP";"🚏";"\xF0\x9F\x9A\x8F";"<ed><a0><bd><ed><ba><8f>"
"BUST IN SILHOUETTE";"👤";"\xF0\x9F\x91\xA4";"<ed><a0><bd><ed><b1><a4>"
"BUSTS IN SILHOUETTE";"👥";"\xF0\x9F\x91\xA5";"<ed><a0><bd><ed><b1><a5>"
"CACTUS";"🌵";"\xF0\x9F\x8C\xB5";"<ed><a0><bc><ed><bc><b5>"
"CALENDAR";"📅";"\xF0\x9F\x93\x85";"<ed><a0><bd><ed><b3><85>"
"CAMERA";"📷";"\xF0\x9F\x93\xB7";"<ed><a0><bd><ed><b3><b7>"
"CANCER";"♋";"\xE2\x99\x8B";"<e2><99><8b>"
"CANDY";"🍬";"\xF0\x9F\x8D\xAC";"<ed><a0><bc><ed><bd><ac>"
"CAPRICORN";"♑";"\xE2\x99\x91";"<e2><99><91>"
"CARD INDEX";"📇";"\xF0\x9F\x93\x87";"<ed><a0><bd><ed><b3><87>"
"CAROUSEL HORSE";"🎠";"\xF0\x9F\x8E\xA0";"<ed><a0><bc><ed><be><a0>"
"CARP STREAMER";"🎏";"\xF0\x9F\x8E\x8F";"<ed><a0><bc><ed><be><8f>"
"CAT";"🐈";"\xF0\x9F\x90\x88";"<ed><a0><bd><ed><b0><88>"
"CAT FACE";"🐱";"\xF0\x9F\x90\xB1";"<ed><a0><bd><ed><b0><b1>"
"CAT FACE WITH TEARS OF JOY";"😹";"\xF0\x9F\x98\xB9";"<ed><a0><bd><ed><b8><b9>"
"CAT FACE WITH WRY SMILE";"😼";"\xF0\x9F\x98\xBC";"<ed><a0><bd><ed><b8><bc>"
"CHART WITH DOWNWARDS TREND";"📉";"\xF0\x9F\x93\x89";"<ed><a0><bd><ed><b3><89>"
"CHART WITH UPWARDS TREND";"📈";"\xF0\x9F\x93\x88";"<ed><a0><bd><ed><b3><88>"
"CHART WITH UPWARDS TREND AND YEN SIGN";"💹";"\xF0\x9F\x92\xB9";"<ed><a0><bd><ed><b2><b9>"
"CHEERING MEGAPHONE";"📣";"\xF0\x9F\x93\xA3";"<ed><a0><bd><ed><b3><a3>"
"CHEQUERED FLAG";"🏁";"\xF0\x9F\x8F\x81";"<ed><a0><bc><ed><bf><81>"
"CHERRIES";"🍒";"\xF0\x9F\x8D\x92";"<ed><a0><bc><ed><bd><92>"
"CHERRY BLOSSOM";"🌸";"\xF0\x9F\x8C\xB8";"<ed><a0><bc><ed><bc><b8>"
"CHESTNUT";"🌰";"\xF0\x9F\x8C\xB0";"<ed><a0><bc><ed><bc><b0>"
"CHICKEN";"🐔";"\xF0\x9F\x90\x94";"<ed><a0><bd><ed><b0><94>"
"CHILDREN CROSSING";"🚸";"\xF0\x9F\x9A\xB8";"<ed><a0><bd><ed><ba><b8>"
"CHOCOLATE BAR";"🍫";"\xF0\x9F\x8D\xAB";"<ed><a0><bc><ed><bd><ab>"
"CHRISTMAS TREE";"🎄";"\xF0\x9F\x8E\x84";"<ed><a0><bc><ed><be><84>"
"CHURCH";"⛪";"\xE2\x9B\xAA";"<e2><9b><aa>"
"CINEMA";"🎦";"\xF0\x9F\x8E\xA6";"<ed><a0><bc><ed><be><a6>"
"CIRCLED IDEOGRAPH ACCEPT";"🉑";"\xF0\x9F\x89\x91";"<ed><a0><bc><ed><b9><91>"
"CIRCLED IDEOGRAPH ADVANTAGE";"🉐";"\xF0\x9F\x89\x90";"<ed><a0><bc><ed><b9><90>"
"CIRCLED IDEOGRAPH CONGRATULATION";"㊗";"\xE3\x8A\x97";"<e3><8a><97>"
"CIRCLED IDEOGRAPH SECRET";"㊙";"\xE3\x8A\x99";"<e3><8a><99>"
"CIRCLED LATIN CAPITAL LETTER M";"Ⓜ";"\xE2\x93\x82";"<e2><93><82>"
"CIRCUS TENT";"🎪";"\xF0\x9F\x8E\xAA";"<ed><a0><bc><ed><be><aa>"
"CITYSCAPE AT DUSK";"🌆";"\xF0\x9F\x8C\x86";"<ed><a0><bc><ed><bc><86>"
"CLAPPER BOARD";"🎬";"\xF0\x9F\x8E\xAC";"<ed><a0><bc><ed><be><ac>"
"CLAPPING HANDS SIGN";"👏";"\xF0\x9F\x91\x8F";"<ed><a0><bd><ed><b1><8f>"
"CLINKING BEER MUGS";"🍻";"\xF0\x9F\x8D\xBB";"<ed><a0><bc><ed><bd><bb>"
"CLIPBOARD";"📋";"\xF0\x9F\x93\x8B";"<ed><a0><bd><ed><b3><8b>"
"CLOCK FACE EIGHT OCLOCK";"🕗";"\xF0\x9F\x95\x97";"<ed><a0><bd><ed><b5><97>"
"CLOCK FACE EIGHT-THIRTY";"🕣";"\xF0\x9F\x95\xA3";"<ed><a0><bd><ed><b5><a3>"
"CLOCK FACE ELEVEN OCLOCK";"🕚";"\xF0\x9F\x95\x9A";"<ed><a0><bd><ed><b5><9a>"
"CLOCK FACE ELEVEN-THIRTY";"🕦";"\xF0\x9F\x95\xA6";"<ed><a0><bd><ed><b5><a6>"
"CLOCK FACE FIVE OCLOCK";"🕔";"\xF0\x9F\x95\x94";"<ed><a0><bd><ed><b5><94>"
"CLOCK FACE FIVE-THIRTY";"🕠";"\xF0\x9F\x95\xA0";"<ed><a0><bd><ed><b5><a0>"
"CLOCK FACE FOUR OCLOCK";"🕓";"\xF0\x9F\x95\x93";"<ed><a0><bd><ed><b5><93>"
"CLOCK FACE FOUR-THIRTY";"🕟";"\xF0\x9F\x95\x9F";"<ed><a0><bd><ed><b5><9f>"
"CLOCK FACE NINE OCLOCK";"🕘";"\xF0\x9F\x95\x98";"<ed><a0><bd><ed><b5><98>"
"CLOCK FACE NINE-THIRTY";"🕤";"\xF0\x9F\x95\xA4";"<ed><a0><bd><ed><b5><a4>"
"CLOCK FACE ONE OCLOCK";"🕐";"\xF0\x9F\x95\x90";"<ed><a0><bd><ed><b5><90>"
"CLOCK FACE ONE-THIRTY";"🕜";"\xF0\x9F\x95\x9C";"<ed><a0><bd><ed><b5><9c>"
"CLOCK FACE SEVEN OCLOCK";"🕖";"\xF0\x9F\x95\x96";"<ed><a0><bd><ed><b5><96>"
"CLOCK FACE SEVEN-THIRTY";"🕢";"\xF0\x9F\x95\xA2";"<ed><a0><bd><ed><b5><a2>"
"CLOCK FACE SIX OCLOCK";"🕕";"\xF0\x9F\x95\x95";"<ed><a0><bd><ed><b5><95>"
"CLOCK FACE SIX-THIRTY";"🕡";"\xF0\x9F\x95\xA1";"<ed><a0><bd><ed><b5><a1>"
"CLOCK FACE TEN OCLOCK";"🕙";"\xF0\x9F\x95\x99";"<ed><a0><bd><ed><b5><99>"
"CLOCK FACE TEN-THIRTY";"🕥";"\xF0\x9F\x95\xA5";"<ed><a0><bd><ed><b5><a5>"
"CLOCK FACE THREE OCLOCK";"🕒";"\xF0\x9F\x95\x92";"<ed><a0><bd><ed><b5><92>"
"CLOCK FACE THREE-THIRTY";"🕞";"\xF0\x9F\x95\x9E";"<ed><a0><bd><ed><b5><9e>"
"CLOCK FACE TWELVE OCLOCK";"🕛";"\xF0\x9F\x95\x9B";"<ed><a0><bd><ed><b5><9b>"
"CLOCK FACE TWELVE-THIRTY";"🕧";"\xF0\x9F\x95\xA7";"<ed><a0><bd><ed><b5><a7>"
"CLOCK FACE TWO OCLOCK";"🕑";"\xF0\x9F\x95\x91";"<ed><a0><bd><ed><b5><91>"
"CLOCK FACE TWO-THIRTY";"🕝";"\xF0\x9F\x95\x9D";"<ed><a0><bd><ed><b5><9d>"
"CLOCKWISE DOWNWARDS AND UPWARDS OPEN CIRCLE ARROWS";"🔃";"\xF0\x9F\x94\x83";"<ed><a0><bd><ed><b4><83>"
"CLOCKWISE RIGHTWARDS AND LEFTWARDS OPEN CIRCLE ARROWS";"🔁";"\xF0\x9F\x94\x81";"<ed><a0><bd><ed><b4><81>"
"CLOCKWISE RIGHTWARDS AND LEFTWARDS OPEN CIRCLE ARROWS WITH CIRCLED ONE OVERLAY";"🔂";"\xF0\x9F\x94\x82";"<ed><a0><bd><ed><b4><82>"
"CLOSED BOOK";"📕";"\xF0\x9F\x93\x95";"<ed><a0><bd><ed><b3><95>"
"CLOSED LOCK WITH KEY";"🔐";"\xF0\x9F\x94\x90";"<ed><a0><bd><ed><b4><90>"
"CLOSED MAILBOX WITH LOWERED FLAG";"📪";"\xF0\x9F\x93\xAA";"<ed><a0><bd><ed><b3><aa>"
"CLOSED MAILBOX WITH RAISED FLAG";"📫";"\xF0\x9F\x93\xAB";"<ed><a0><bd><ed><b3><ab>"
"CLOSED UMBRELLA";"🌂";"\xF0\x9F\x8C\x82";"<ed><a0><bc><ed><bc><82>"
"CLOUD";"☁";"\xE2\x98\x81";"<e2><98><81>"
"COCKTAIL GLASS";"🍸";"\xF0\x9F\x8D\xB8";"<ed><a0><bc><ed><bd><b8>"
"COLLISION SYMBOL";"💥";"\xF0\x9F\x92\xA5";"<ed><a0><bd><ed><b2><a5>"
"CONFETTI BALL";"🎊";"\xF0\x9F\x8E\x8A";"<ed><a0><bc><ed><be><8a>"
"CONFOUNDED FACE";"😖";"\xF0\x9F\x98\x96";"<ed><a0><bd><ed><b8><96>"
"CONFUSED FACE";"😕";"\xF0\x9F\x98\x95";"<ed><a0><bd><ed><b8><95>"
"CONSTRUCTION SIGN";"🚧";"\xF0\x9F\x9A\xA7";"<ed><a0><bd><ed><ba><a7>"
"CONSTRUCTION WORKER";"👷";"\xF0\x9F\x91\xB7";"<ed><a0><bd><ed><b1><b7>"
"CONVENIENCE STORE";"🏪";"\xF0\x9F\x8F\xAA";"<ed><a0><bc><ed><bf><aa>"
"COOKED RICE";"🍚";"\xF0\x9F\x8D\x9A";"<ed><a0><bc><ed><bd><9a>"
"COOKIE";"🍪";"\xF0\x9F\x8D\xAA";"<ed><a0><bc><ed><bd><aa>"
"COOKING";"🍳";"\xF0\x9F\x8D\xB3";"<ed><a0><bc><ed><bd><b3>"
"COPYRIGHT SIGN";"©";"\xC2\xA9";"<c2><a9>"
"COUPLE WITH HEART";"💑";"\xF0\x9F\x92\x91";"<ed><a0><bd><ed><b2><91>"
"COW";"🐄";"\xF0\x9F\x90\x84";"<ed><a0><bd><ed><b0><84>"
"COW FACE";"🐮";"\xF0\x9F\x90\xAE";"<ed><a0><bd><ed><b0><ae>"
"CREDIT CARD";"💳";"\xF0\x9F\x92\xB3";"<ed><a0><bd><ed><b2><b3>"
"CRESCENT MOON";"🌙";"\xF0\x9F\x8C\x99";"<ed><a0><bc><ed><bc><99>"
"CROCODILE";"🐊";"\xF0\x9F\x90\x8A";"<ed><a0><bd><ed><b0><8a>"
"CROSS MARK";"❌";"\xE2\x9D\x8C";"<e2><9d><8c>"
"CROSSED FLAGS";"🎌";"\xF0\x9F\x8E\x8C";"<ed><a0><bc><ed><be><8c>"
"CROWN";"👑";"\xF0\x9F\x91\x91";"<ed><a0><bd><ed><b1><91>"
"CRYING CAT FACE";"😿";"\xF0\x9F\x98\xBF";"<ed><a0><bd><ed><b8><bf>"
"CRYING FACE";"😢";"\xF0\x9F\x98\xA2";"<ed><a0><bd><ed><b8><a2>"
"CRYSTAL BALL";"🔮";"\xF0\x9F\x94\xAE";"<ed><a0><bd><ed><b4><ae>"
"CURLY LOOP";"➰";"\xE2\x9E\xB0";"<e2><9e><b0>"
"CURRENCY EXCHANGE";"💱";"\xF0\x9F\x92\xB1";"<ed><a0><bd><ed><b2><b1>"
"CURRY AND RICE";"🍛";"\xF0\x9F\x8D\x9B";"<ed><a0><bc><ed><bd><9b>"
"CUSTARD";"🍮";"\xF0\x9F\x8D\xAE";"<ed><a0><bc><ed><bd><ae>"
"CUSTOMS";"🛃";"\xF0\x9F\x9B\x83";"<ed><a0><bd><ed><bb><83>"
"CYCLONE";"🌀";"\xF0\x9F\x8C\x80";"<ed><a0><bc><ed><bc><80>"
"DANCER";"💃";"\xF0\x9F\x92\x83";"<ed><a0><bd><ed><b2><83>"
"DANGO";"🍡";"\xF0\x9F\x8D\xA1";"<ed><a0><bc><ed><bd><a1>"
"DASH SYMBOL";"💨";"\xF0\x9F\x92\xA8";"<ed><a0><bd><ed><b2><a8>"
"DECIDUOUS TREE";"🌳";"\xF0\x9F\x8C\xB3";"<ed><a0><bc><ed><bc><b3>"
"DELIVERY TRUCK";"🚚";"\xF0\x9F\x9A\x9A";"<ed><a0><bd><ed><ba><9a>"
"DEPARTMENT STORE";"🏬";"\xF0\x9F\x8F\xAC";"<ed><a0><bc><ed><bf><ac>"
"DIAMOND SHAPE WITH A DOT INSIDE";"💠";"\xF0\x9F\x92\xA0";"<ed><a0><bd><ed><b2><a0>"
"DIGIT EIGHT + COMBINING ENCLOSING KEYCAP";"8⃣";"\x38\xE2\x83\xA3";"8<e2><83><a3>"
"DIGIT FIVE + COMBINING ENCLOSING KEYCAP";"5⃣";"\x35\xE2\x83\xA3";"5<e2><83><a3>"
"DIGIT FOUR + COMBINING ENCLOSING KEYCAP";"4⃣";"\x34\xE2\x83\xA3";"4<e2><83><a3>"
"DIGIT NINE + COMBINING ENCLOSING KEYCAP";"9⃣";"\x39\xE2\x83\xA3";"9<e2><83><a3>"
"DIGIT ONE + COMBINING ENCLOSING KEYCAP";"1⃣";"\x31\xE2\x83\xA3";"1<e2><83><a3>"
"DIGIT SEVEN + COMBINING ENCLOSING KEYCAP";"7⃣";"\x37\xE2\x83\xA3";"7<e2><83><a3>"
"DIGIT SIX + COMBINING ENCLOSING KEYCAP";"6⃣";"\x36\xE2\x83\xA3";"6<e2><83><a3>"
"DIGIT THREE + COMBINING ENCLOSING KEYCAP";"3⃣";"\x33\xE2\x83\xA3";"3<e2><83><a3>"
"DIGIT TWO + COMBINING ENCLOSING KEYCAP";"2⃣";"\x32\xE2\x83\xA3";"2<e2><83><a3>"
"DIGIT ZERO + COMBINING ENCLOSING KEYCAP";"0⃣";"\x30\xE2\x83\xA3";"0<e2><83><a3>"
"DIRECT HIT";"🎯";"\xF0\x9F\x8E\xAF";"<ed><a0><bc><ed><be><af>"
"DISAPPOINTED BUT RELIEVED FACE";"😥";"\xF0\x9F\x98\xA5";"<ed><a0><bd><ed><b8><a5>"
"DISAPPOINTED FACE";"😞";"\xF0\x9F\x98\x9E";"<ed><a0><bd><ed><b8><9e>"
"DIZZY FACE";"😵";"\xF0\x9F\x98\xB5";"<ed><a0><bd><ed><b8><b5>"
"DIZZY SYMBOL";"💫";"\xF0\x9F\x92\xAB";"<ed><a0><bd><ed><b2><ab>"
"DO NOT LITTER SYMBOL";"🚯";"\xF0\x9F\x9A\xAF";"<ed><a0><bd><ed><ba><af>"
"DOG";"🐕";"\xF0\x9F\x90\x95";"<ed><a0><bd><ed><b0><95>"
"DOG FACE";"🐶";"\xF0\x9F\x90\xB6";"<ed><a0><bd><ed><b0><b6>"
"DOLPHIN";"🐬";"\xF0\x9F\x90\xAC";"<ed><a0><bd><ed><b0><ac>"
"DOOR";"🚪";"\xF0\x9F\x9A\xAA";"<ed><a0><bd><ed><ba><aa>"
"DOUBLE EXCLAMATION MARK";"‼";"\xE2\x80\xBC";"<e2><80><bc>"
"DOUGHNUT";"🍩";"\xF0\x9F\x8D\xA9";"<ed><a0><bc><ed><bd><a9>"
"DOWN-POINTING RED TRIANGLE";"🔻";"\xF0\x9F\x94\xBB";"<ed><a0><bd><ed><b4><bb>"
"DOWN-POINTING SMALL RED TRIANGLE";"🔽";"\xF0\x9F\x94\xBD";"<ed><a0><bd><ed><b4><bd>"
"DOWNWARDS BLACK ARROW";"⬇";"\xE2\xAC\x87";"<e2><ac><87>"
"DRAGON";"🐉";"\xF0\x9F\x90\x89";"<ed><a0><bd><ed><b0><89>"
"DRAGON FACE";"🐲";"\xF0\x9F\x90\xB2";"<ed><a0><bd><ed><b0><b2>"
"DRESS";"👗";"\xF0\x9F\x91\x97";"<ed><a0><bd><ed><b1><97>"
"DROMEDARY CAMEL";"🐪";"\xF0\x9F\x90\xAA";"<ed><a0><bd><ed><b0><aa>"
"DROPLET";"💧";"\xF0\x9F\x92\xA7";"<ed><a0><bd><ed><b2><a7>"
"DVD";"📀";"\xF0\x9F\x93\x80";"<ed><a0><bd><ed><b3><80>"
"E-MAIL SYMBOL";"📧";"\xF0\x9F\x93\xA7";"<ed><a0><bd><ed><b3><a7>"
"EAR";"👂";"\xF0\x9F\x91\x82";"<ed><a0><bd><ed><b1><82>"
"EAR OF MAIZE";"🌽";"\xF0\x9F\x8C\xBD";"<ed><a0><bc><ed><bc><bd>"
"EAR OF RICE";"🌾";"\xF0\x9F\x8C\xBE";"<ed><a0><bc><ed><bc><be>"
"EARTH GLOBE AMERICAS";"🌎";"\xF0\x9F\x8C\x8E";"<ed><a0><bc><ed><bc><8e>"
"EARTH GLOBE ASIA-AUSTRALIA";"🌏";"\xF0\x9F\x8C\x8F";"<ed><a0><bc><ed><bc><8f>"
"EARTH GLOBE EUROPE-AFRICA";"🌍";"\xF0\x9F\x8C\x8D";"<ed><a0><bc><ed><bc><8d>"
"EIGHT POINTED BLACK STAR";"✴";"\xE2\x9C\xB4";"<e2><9c><b4>"
"EIGHT SPOKED ASTERISK";"✳";"\xE2\x9C\xB3";"<e2><9c><b3>"
"ELECTRIC LIGHT BULB";"💡";"\xF0\x9F\x92\xA1";"<ed><a0><bd><ed><b2><a1>"
"ELECTRIC PLUG";"🔌";"\xF0\x9F\x94\x8C";"<ed><a0><bd><ed><b4><8c>"
"ELECTRIC TORCH";"🔦";"\xF0\x9F\x94\xA6";"<ed><a0><bd><ed><b4><a6>"
"ELEPHANT";"🐘";"\xF0\x9F\x90\x98";"<ed><a0><bd><ed><b0><98>"
"END WITH LEFTWARDS ARROW ABOVE";"🔚";"\xF0\x9F\x94\x9A";"<ed><a0><bd><ed><b4><9a>"
"ENVELOPE";"✉";"\xE2\x9C\x89";"<e2><9c><89>"
"ENVELOPE WITH DOWNWARDS ARROW ABOVE";"📩";"\xF0\x9F\x93\xA9";"<ed><a0><bd><ed><b3><a9>"
"EUROPEAN CASTLE";"🏰";"\xF0\x9F\x8F\xB0";"<ed><a0><bc><ed><bf><b0>"
"EUROPEAN POST OFFICE";"🏤";"\xF0\x9F\x8F\xA4";"<ed><a0><bc><ed><bf><a4>"
"EVERGREEN TREE";"🌲";"\xF0\x9F\x8C\xB2";"<ed><a0><bc><ed><bc><b2>"
"EXCLAMATION QUESTION MARK";"⁉";"\xE2\x81\x89";"<e2><81><89>"
"EXPRESSIONLESS FACE";"😑";"\xF0\x9F\x98\x91";"<ed><a0><bd><ed><b8><91>"
"EXTRATERRESTRIAL ALIEN";"👽";"\xF0\x9F\x91\xBD";"<ed><a0><bd><ed><b1><bd>"
"EYEGLASSES";"👓";"\xF0\x9F\x91\x93";"<ed><a0><bd><ed><b1><93>"
"EYES";"👀";"\xF0\x9F\x91\x80";"<ed><a0><bd><ed><b1><80>"
"FACE MASSAGE";"💆";"\xF0\x9F\x92\x86";"<ed><a0><bd><ed><b2><86>"
"FACE SAVOURING DELICIOUS FOOD";"😋";"\xF0\x9F\x98\x8B";"<ed><a0><bd><ed><b8><8b>"
"FACE SCREAMING IN FEAR";"😱";"\xF0\x9F\x98\xB1";"<ed><a0><bd><ed><b8><b1>"
"FACE THROWING A KISS";"😘";"\xF0\x9F\x98\x98";"<ed><a0><bd><ed><b8><98>"
"FACE WITH COLD SWEAT";"😓";"\xF0\x9F\x98\x93";"<ed><a0><bd><ed><b8><93>"
"FACE WITH LOOK OF TRIUMPH";"😤";"\xF0\x9F\x98\xA4";"<ed><a0><bd><ed><b8><a4>"
"FACE WITH MEDICAL MASK";"😷";"\xF0\x9F\x98\xB7";"<ed><a0><bd><ed><b8><b7>"
"FACE WITH NO GOOD GESTURE";"🙅";"\xF0\x9F\x99\x85";"<ed><a0><bd><ed><b9><85>"
"FACE WITH OK GESTURE";"🙆";"\xF0\x9F\x99\x86";"<ed><a0><bd><ed><b9><86>"
"FACE WITH OPEN MOUTH";"😮";"\xF0\x9F\x98\xAE";"<ed><a0><bd><ed><b8><ae>"
"FACE WITH OPEN MOUTH AND COLD SWEAT";"😰";"\xF0\x9F\x98\xB0";"<ed><a0><bd><ed><b8><b0>"
"FACE WITH STUCK-OUT TONGUE";"😛";"\xF0\x9F\x98\x9B";"<ed><a0><bd><ed><b8><9b>"
"FACE WITH STUCK-OUT TONGUE AND TIGHTLY-CLOSED EYES";"😝";"\xF0\x9F\x98\x9D";"<ed><a0><bd><ed><b8><9d>"
"FACE WITH STUCK-OUT TONGUE AND WINKING EYE";"😜";"\xF0\x9F\x98\x9C";"<ed><a0><bd><ed><b8><9c>"
"FACE WITH TEARS OF JOY";"😂";"\xF0\x9F\x98\x82";"<ed><a0><bd><ed><b8><82>"
"FACE WITHOUT MOUTH";"😶";"\xF0\x9F\x98\xB6";"<ed><a0><bd><ed><b8><b6>"
"FACTORY";"🏭";"\xF0\x9F\x8F\xAD";"<ed><a0><bc><ed><bf><ad>"
"FALLEN LEAF";"🍂";"\xF0\x9F\x8D\x82";"<ed><a0><bc><ed><bd><82>"
"FAMILY";"👪";"\xF0\x9F\x91\xAA";"<ed><a0><bd><ed><b1><aa>"
"FATHER CHRISTMAS";"🎅";"\xF0\x9F\x8E\x85";"<ed><a0><bc><ed><be><85>"
"FAX MACHINE";"📠";"\xF0\x9F\x93\xA0";"<ed><a0><bd><ed><b3><a0>"
"FEARFUL FACE";"😨";"\xF0\x9F\x98\xA8";"<ed><a0><bd><ed><b8><a8>"
"FERRIS WHEEL";"🎡";"\xF0\x9F\x8E\xA1";"<ed><a0><bc><ed><be><a1>"
"FILE FOLDER";"📁";"\xF0\x9F\x93\x81";"<ed><a0><bd><ed><b3><81>"
"FIRE";"🔥";"\xF0\x9F\x94\xA5";"<ed><a0><bd><ed><b4><a5>"
"FIRE ENGINE";"🚒";"\xF0\x9F\x9A\x92";"<ed><a0><bd><ed><ba><92>"
"FIREWORK SPARKLER";"🎇";"\xF0\x9F\x8E\x87";"<ed><a0><bc><ed><be><87>"
"FIREWORKS";"🎆";"\xF0\x9F\x8E\x86";"<ed><a0><bc><ed><be><86>"
"FIRST QUARTER MOON SYMBOL";"🌓";"\xF0\x9F\x8C\x93";"<ed><a0><bc><ed><bc><93>"
"FIRST QUARTER MOON WITH FACE";"🌛";"\xF0\x9F\x8C\x9B";"<ed><a0><bc><ed><bc><9b>"
"FISH";"🐟";"\xF0\x9F\x90\x9F";"<ed><a0><bd><ed><b0><9f>"
"FISH CAKE WITH SWIRL DESIGN";"🍥";"\xF0\x9F\x8D\xA5";"<ed><a0><bc><ed><bd><a5>"
"FISHING POLE AND FISH";"🎣";"\xF0\x9F\x8E\xA3";"<ed><a0><bc><ed><be><a3>"
"FISTED HAND SIGN";"👊";"\xF0\x9F\x91\x8A";"<ed><a0><bd><ed><b1><8a>"
"FLAG IN HOLE";"⛳";"\xE2\x9B\xB3";"<e2><9b><b3>"
"FLEXED BICEPS";"💪";"\xF0\x9F\x92\xAA";"<ed><a0><bd><ed><b2><aa>"
"FLOPPY DISK";"💾";"\xF0\x9F\x92\xBE";"<ed><a0><bd><ed><b2><be>"
"FLOWER PLAYING CARDS";"🎴";"\xF0\x9F\x8E\xB4";"<ed><a0><bc><ed><be><b4>"
"FLUSHED FACE";"😳";"\xF0\x9F\x98\xB3";"<ed><a0><bd><ed><b8><b3>"
"FOGGY";"🌁";"\xF0\x9F\x8C\x81";"<ed><a0><bc><ed><bc><81>"
"FOOTPRINTS";"👣";"\xF0\x9F\x91\xA3";"<ed><a0><bd><ed><b1><a3>"
"FORK AND KNIFE";"🍴";"\xF0\x9F\x8D\xB4";"<ed><a0><bc><ed><bd><b4>"
"FOUNTAIN";"⛲";"\xE2\x9B\xB2";"<e2><9b><b2>"
"FOUR LEAF CLOVER";"🍀";"\xF0\x9F\x8D\x80";"<ed><a0><bc><ed><bd><80>"
"FRENCH FRIES";"🍟";"\xF0\x9F\x8D\x9F";"<ed><a0><bc><ed><bd><9f>"
"FRIED SHRIMP";"🍤";"\xF0\x9F\x8D\xA4";"<ed><a0><bc><ed><bd><a4>"
"FROG FACE";"🐸";"\xF0\x9F\x90\xB8";"<ed><a0><bd><ed><b0><b8>"
"FRONT-FACING BABY CHICK";"🐥";"\xF0\x9F\x90\xA5";"<ed><a0><bd><ed><b0><a5>"
"FROWNING FACE WITH OPEN MOUTH";"😦";"\xF0\x9F\x98\xA6";"<ed><a0><bd><ed><b8><a6>"
"FUEL PUMP";"⛽";"\xE2\x9B\xBD";"<e2><9b><bd>"
"FULL MOON SYMBOL";"🌕";"\xF0\x9F\x8C\x95";"<ed><a0><bc><ed><bc><95>"
"FULL MOON WITH FACE";"🌝";"\xF0\x9F\x8C\x9D";"<ed><a0><bc><ed><bc><9d>"
"GAME DIE";"🎲";"\xF0\x9F\x8E\xB2";"<ed><a0><bc><ed><be><b2>"
"GEM STONE";"💎";"\xF0\x9F\x92\x8E";"<ed><a0><bd><ed><b2><8e>"
"GEMINI";"♊";"\xE2\x99\x8A";"<e2><99><8a>"
"GHOST";"👻";"\xF0\x9F\x91\xBB";"<ed><a0><bd><ed><b1><bb>"
"GIRL";"👧";"\xF0\x9F\x91\xA7";"<ed><a0><bd><ed><b1><a7>"
"GLOBE WITH MERIDIANS";"🌐";"\xF0\x9F\x8C\x90";"<ed><a0><bc><ed><bc><90>"
"GLOWING STAR";"🌟";"\xF0\x9F\x8C\x9F";"<ed><a0><bc><ed><bc><9f>"
"GOAT";"🐐";"\xF0\x9F\x90\x90";"<ed><a0><bd><ed><b0><90>"
"GRADUATION CAP";"🎓";"\xF0\x9F\x8E\x93";"<ed><a0><bc><ed><be><93>"
"GRAPES";"🍇";"\xF0\x9F\x8D\x87";"<ed><a0><bc><ed><bd><87>"
"GREEN APPLE";"🍏";"\xF0\x9F\x8D\x8F";"<ed><a0><bc><ed><bd><8f>"
"GREEN BOOK";"📗";"\xF0\x9F\x93\x97";"<ed><a0><bd><ed><b3><97>"
"GREEN HEART";"💚";"\xF0\x9F\x92\x9A";"<ed><a0><bd><ed><b2><9a>"
"GRIMACING FACE";"😬";"\xF0\x9F\x98\xAC";"<ed><a0><bd><ed><b8><ac>"
"GRINNING CAT FACE WITH SMILING EYES";"😸";"\xF0\x9F\x98\xB8";"<ed><a0><bd><ed><b8><b8>"
"GRINNING FACE";"😀";"\xF0\x9F\x98\x80";"<ed><a0><bd><ed><b8><80>"
"GRINNING FACE WITH SMILING EYES";"😁";"\xF0\x9F\x98\x81";"<ed><a0><bd><ed><b8><81>"
"GROWING HEART";"💗";"\xF0\x9F\x92\x97";"<ed><a0><bd><ed><b2><97>"
"GUARDSMAN";"💂";"\xF0\x9F\x92\x82";"<ed><a0><bd><ed><b2><82>"
"GUITAR";"🎸";"\xF0\x9F\x8E\xB8";"<ed><a0><bc><ed><be><b8>"
"HAIRCUT";"💇";"\xF0\x9F\x92\x87";"<ed><a0><bd><ed><b2><87>"
"HAMBURGER";"🍔";"\xF0\x9F\x8D\x94";"<ed><a0><bc><ed><bd><94>"
"HAMMER";"🔨";"\xF0\x9F\x94\xA8";"<ed><a0><bd><ed><b4><a8>"
"HAMSTER FACE";"🐹";"\xF0\x9F\x90\xB9";"<ed><a0><bd><ed><b0><b9>"
"HANDBAG";"👜";"\xF0\x9F\x91\x9C";"<ed><a0><bd><ed><b1><9c>"
"HAPPY PERSON RAISING ONE HAND";"🙋";"\xF0\x9F\x99\x8B";"<ed><a0><bd><ed><b9><8b>"
"HATCHING CHICK";"🐣";"\xF0\x9F\x90\xA3";"<ed><a0><bd><ed><b0><a3>"
"HEADPHONE";"🎧";"\xF0\x9F\x8E\xA7";"<ed><a0><bc><ed><be><a7>"
"HEAR-NO-EVIL MONKEY";"🙉";"\xF0\x9F\x99\x89";"<ed><a0><bd><ed><b9><89>"
"HEART DECORATION";"💟";"\xF0\x9F\x92\x9F";"<ed><a0><bd><ed><b2><9f>"
"HEART WITH ARROW";"💘";"\xF0\x9F\x92\x98";"<ed><a0><bd><ed><b2><98>"
"HEART WITH RIBBON";"💝";"\xF0\x9F\x92\x9D";"<ed><a0><bd><ed><b2><9d>"
"HEAVY BLACK HEART";"❤";"\xE2\x9D\xA4";"<e2><9d><a4>"
"HEAVY CHECK MARK";"✔";"\xE2\x9C\x94";"<e2><9c><94>"
"HEAVY DIVISION SIGN";"➗";"\xE2\x9E\x97";"<e2><9e><97>"
"HEAVY DOLLAR SIGN";"💲";"\xF0\x9F\x92\xB2";"<ed><a0><bd><ed><b2><b2>"
"HEAVY EXCLAMATION MARK SYMBOL";"❗";"\xE2\x9D\x97";"<e2><9d><97>"
"HEAVY LARGE CIRCLE";"⭕";"\xE2\xAD\x95";"<e2><ad><95>"
"HEAVY MINUS SIGN";"➖";"\xE2\x9E\x96";"<e2><9e><96>"
"HEAVY MULTIPLICATION X";"✖";"\xE2\x9C\x96";"<e2><9c><96>"
"HEAVY PLUS SIGN";"➕";"\xE2\x9E\x95";"<e2><9e><95>"
"HELICOPTER";"🚁";"\xF0\x9F\x9A\x81";"<ed><a0><bd><ed><ba><81>"
"HERB";"🌿";"\xF0\x9F\x8C\xBF";"<ed><a0><bc><ed><bc><bf>"
"HIBISCUS";"🌺";"\xF0\x9F\x8C\xBA";"<ed><a0><bc><ed><bc><ba>"
"HIGH BRIGHTNESS SYMBOL";"🔆";"\xF0\x9F\x94\x86";"<ed><a0><bd><ed><b4><86>"
"HIGH VOLTAGE SIGN";"⚡";"\xE2\x9A\xA1";"<e2><9a><a1>"
"HIGH-HEELED SHOE";"👠";"\xF0\x9F\x91\xA0";"<ed><a0><bd><ed><b1><a0>"
"HIGH-SPEED TRAIN";"🚄";"\xF0\x9F\x9A\x84";"<ed><a0><bd><ed><ba><84>"
"HIGH-SPEED TRAIN WITH BULLET NOSE";"🚅";"\xF0\x9F\x9A\x85";"<ed><a0><bd><ed><ba><85>"
"HOCHO";"🔪";"\xF0\x9F\x94\xAA";"<ed><a0><bd><ed><b4><aa>"
"HONEY POT";"🍯";"\xF0\x9F\x8D\xAF";"<ed><a0><bc><ed><bd><af>"
"HONEYBEE";"🐝";"\xF0\x9F\x90\x9D";"<ed><a0><bd><ed><b0><9d>"
"HORIZONTAL TRAFFIC LIGHT";"🚥";"\xF0\x9F\x9A\xA5";"<ed><a0><bd><ed><ba><a5>"
"HORSE";"🐎";"\xF0\x9F\x90\x8E";"<ed><a0><bd><ed><b0><8e>"
"HORSE FACE";"🐴";"\xF0\x9F\x90\xB4";"<ed><a0><bd><ed><b0><b4>"
"HORSE RACING";"🏇";"\xF0\x9F\x8F\x87";"<ed><a0><bc><ed><bf><87>"
"HOSPITAL";"🏥";"\xF0\x9F\x8F\xA5";"<ed><a0><bc><ed><bf><a5>"
"HOT BEVERAGE";"☕";"\xE2\x98\x95";"<e2><98><95>"
"HOT SPRINGS";"♨";"\xE2\x99\xA8";"<e2><99><a8>"
"HOTEL";"🏨";"\xF0\x9F\x8F\xA8";"<ed><a0><bc><ed><bf><a8>"
"HOURGLASS";"⌛";"\xE2\x8C\x9B";"<e2><8c><9b>"
"HOURGLASS WITH FLOWING SAND";"⏳";"\xE2\x8F\xB3";"<e2><8f><b3>"
"HOUSE BUILDING";"🏠";"\xF0\x9F\x8F\xA0";"<ed><a0><bc><ed><bf><a0>"
"HOUSE WITH GARDEN";"🏡";"\xF0\x9F\x8F\xA1";"<ed><a0><bc><ed><bf><a1>"
"HUNDRED POINTS SYMBOL";"💯";"\xF0\x9F\x92\xAF";"<ed><a0><bd><ed><b2><af>"
"HUSHED FACE";"😯";"\xF0\x9F\x98\xAF";"<ed><a0><bd><ed><b8><af>"
"ICE CREAM";"🍨";"\xF0\x9F\x8D\xA8";"<ed><a0><bc><ed><bd><a8>"
"IMP";"👿";"\xF0\x9F\x91\xBF";"<ed><a0><bd><ed><b1><bf>"
"INBOX TRAY";"📥";"\xF0\x9F\x93\xA5";"<ed><a0><bd><ed><b3><a5>"
"INCOMING ENVELOPE";"📨";"\xF0\x9F\x93\xA8";"<ed><a0><bd><ed><b3><a8>"
"INFORMATION DESK PERSON";"💁";"\xF0\x9F\x92\x81";"<ed><a0><bd><ed><b2><81>"
"INFORMATION SOURCE";"ℹ";"\xE2\x84\xB9";"<e2><84><b9>"
"INPUT SYMBOL FOR LATIN CAPITAL LETTERS";"🔠";"\xF0\x9F\x94\xA0";"<ed><a0><bd><ed><b4><a0>"
"INPUT SYMBOL FOR LATIN LETTERS";"🔤";"\xF0\x9F\x94\xA4";"<ed><a0><bd><ed><b4><a4>"
"INPUT SYMBOL FOR LATIN SMALL LETTERS";"🔡";"\xF0\x9F\x94\xA1";"<ed><a0><bd><ed><b4><a1>"
"INPUT SYMBOL FOR NUMBERS";"🔢";"\xF0\x9F\x94\xA2";"<ed><a0><bd><ed><b4><a2>"
"INPUT SYMBOL FOR SYMBOLS";"🔣";"\xF0\x9F\x94\xA3";"<ed><a0><bd><ed><b4><a3>"
"IZAKAYA LANTERN";"🏮";"\xF0\x9F\x8F\xAE";"<ed><a0><bc><ed><bf><ae>"
"JACK-O-LANTERN";"🎃";"\xF0\x9F\x8E\x83";"<ed><a0><bc><ed><be><83>"
"JAPANESE CASTLE";"🏯";"\xF0\x9F\x8F\xAF";"<ed><a0><bc><ed><bf><af>"
"JAPANESE DOLLS";"🎎";"\xF0\x9F\x8E\x8E";"<ed><a0><bc><ed><be><8e>"
"JAPANESE GOBLIN";"👺";"\xF0\x9F\x91\xBA";"<ed><a0><bd><ed><b1><ba>"
"JAPANESE OGRE";"👹";"\xF0\x9F\x91\xB9";"<ed><a0><bd><ed><b1><b9>"
"JAPANESE POST OFFICE";"🏣";"\xF0\x9F\x8F\xA3";"<ed><a0><bc><ed><bf><a3>"
"JAPANESE SYMBOL FOR BEGINNER";"🔰";"\xF0\x9F\x94\xB0";"<ed><a0><bd><ed><b4><b0>"
"JEANS";"👖";"\xF0\x9F\x91\x96";"<ed><a0><bd><ed><b1><96>"
"KEY";"🔑";"\xF0\x9F\x94\x91";"<ed><a0><bd><ed><b4><91>"
"KEYCAP TEN";"🔟";"\xF0\x9F\x94\x9F";"<ed><a0><bd><ed><b4><9f>"
"KIMONO";"👘";"\xF0\x9F\x91\x98";"<ed><a0><bd><ed><b1><98>"
"KISS";"💏";"\xF0\x9F\x92\x8F";"<ed><a0><bd><ed><b2><8f>"
"KISS MARK";"💋";"\xF0\x9F\x92\x8B";"<ed><a0><bd><ed><b2><8b>"
"KISSING CAT FACE WITH CLOSED EYES";"😽";"\xF0\x9F\x98\xBD";"<ed><a0><bd><ed><b8><bd>"
"KISSING FACE";"😗";"\xF0\x9F\x98\x97";"<ed><a0><bd><ed><b8><97>"
"KISSING FACE WITH CLOSED EYES";"😚";"\xF0\x9F\x98\x9A";"<ed><a0><bd><ed><b8><9a>"
"KISSING FACE WITH SMILING EYES";"😙";"\xF0\x9F\x98\x99";"<ed><a0><bd><ed><b8><99>"
"KOALA";"🐨";"\xF0\x9F\x90\xA8";"<ed><a0><bd><ed><b0><a8>"
"LADY BEETLE";"🐞";"\xF0\x9F\x90\x9E";"<ed><a0><bd><ed><b0><9e>"
"LARGE BLUE CIRCLE";"🔵";"\xF0\x9F\x94\xB5";"<ed><a0><bd><ed><b4><b5>"
"LARGE BLUE DIAMOND";"🔷";"\xF0\x9F\x94\xB7";"<ed><a0><bd><ed><b4><b7>"
"LARGE ORANGE DIAMOND";"🔶";"\xF0\x9F\x94\xB6";"<ed><a0><bd><ed><b4><b6>"
"LARGE RED CIRCLE";"🔴";"\xF0\x9F\x94\xB4";"<ed><a0><bd><ed><b4><b4>"
"LAST QUARTER MOON SYMBOL";"🌗";"\xF0\x9F\x8C\x97";"<ed><a0><bc><ed><bc><97>"
"LAST QUARTER MOON WITH FACE";"🌜";"\xF0\x9F\x8C\x9C";"<ed><a0><bc><ed><bc><9c>"
"LEAF FLUTTERING IN WIND";"🍃";"\xF0\x9F\x8D\x83";"<ed><a0><bc><ed><bd><83>"
"LEDGER";"📒";"\xF0\x9F\x93\x92";"<ed><a0><bd><ed><b3><92>"
"LEFT LUGGAGE";"🛅";"\xF0\x9F\x9B\x85";"<ed><a0><bd><ed><bb><85>"
"LEFT RIGHT ARROW";"↔";"\xE2\x86\x94";"<e2><86><94>"
"LEFT-POINTING MAGNIFYING GLASS";"🔍";"\xF0\x9F\x94\x8D";"<ed><a0><bd><ed><b4><8d>"
"LEFTWARDS ARROW WITH HOOK";"↩";"\xE2\x86\xA9";"<e2><86><a9>"
"LEFTWARDS BLACK ARROW";"⬅";"\xE2\xAC\x85";"<e2><ac><85>"
"LEMON";"🍋";"\xF0\x9F\x8D\x8B";"<ed><a0><bc><ed><bd><8b>"
"LEO";"♌";"\xE2\x99\x8C";"<e2><99><8c>"
"LEOPARD";"🐆";"\xF0\x9F\x90\x86";"<ed><a0><bd><ed><b0><86>"
"LIBRA";"♎";"\xE2\x99\x8E";"<e2><99><8e>"
"LIGHT RAIL";"🚈";"\xF0\x9F\x9A\x88";"<ed><a0><bd><ed><ba><88>"
"LINK SYMBOL";"🔗";"\xF0\x9F\x94\x97";"<ed><a0><bd><ed><b4><97>"
"LIPSTICK";"💄";"\xF0\x9F\x92\x84";"<ed><a0><bd><ed><b2><84>"
"LOCK";"🔒";"\xF0\x9F\x94\x92";"<ed><a0><bd><ed><b4><92>"
"LOCK WITH INK PEN";"🔏";"\xF0\x9F\x94\x8F";"<ed><a0><bd><ed><b4><8f>"
"LOLLIPOP";"🍭";"\xF0\x9F\x8D\xAD";"<ed><a0><bc><ed><bd><ad>"
"LOUDLY CRYING FACE";"😭";"\xF0\x9F\x98\xAD";"<ed><a0><bd><ed><b8><ad>"
"LOVE HOTEL";"🏩";"\xF0\x9F\x8F\xA9";"<ed><a0><bc><ed><bf><a9>"
"LOVE LETTER";"💌";"\xF0\x9F\x92\x8C";"<ed><a0><bd><ed><b2><8c>"
"LOW BRIGHTNESS SYMBOL";"🔅";"\xF0\x9F\x94\x85";"<ed><a0><bd><ed><b4><85>"
"MAHJONG TILE RED DRAGON";"🀄";"\xF0\x9F\x80\x84";"<ed><a0><bc><ed><b0><84>"
"MAN";"👨";"\xF0\x9F\x91\xA8";"<ed><a0><bd><ed><b1><a8>"
"MAN AND WOMAN HOLDING HANDS";"👫";"\xF0\x9F\x91\xAB";"<ed><a0><bd><ed><b1><ab>"
"MAN WITH GUA PI MAO";"👲";"\xF0\x9F\x91\xB2";"<ed><a0><bd><ed><b1><b2>"
"MAN WITH TURBAN";"👳";"\xF0\x9F\x91\xB3";"<ed><a0><bd><ed><b1><b3>"
"MANS SHOE";"👞";"\xF0\x9F\x91\x9E";"<ed><a0><bd><ed><b1><9e>"
"MAPLE LEAF";"🍁";"\xF0\x9F\x8D\x81";"<ed><a0><bc><ed><bd><81>"
"MEAT ON BONE";"🍖";"\xF0\x9F\x8D\x96";"<ed><a0><bc><ed><bd><96>"
"MEDIUM BLACK CIRCLE";"⚫";"\xE2\x9A\xAB";"<e2><9a><ab>"
"MEDIUM WHITE CIRCLE";"⚪";"\xE2\x9A\xAA";"<e2><9a><aa>"
"MELON";"🍈";"\xF0\x9F\x8D\x88";"<ed><a0><bc><ed><bd><88>"
"MEMO";"📝";"\xF0\x9F\x93\x9D";"<ed><a0><bd><ed><b3><9d>"
"MENS SYMBOL";"🚹";"\xF0\x9F\x9A\xB9";"<ed><a0><bd><ed><ba><b9>"
"METRO";"🚇";"\xF0\x9F\x9A\x87";"<ed><a0><bd><ed><ba><87>"
"MICROPHONE";"🎤";"\xF0\x9F\x8E\xA4";"<ed><a0><bc><ed><be><a4>"
"MICROSCOPE";"🔬";"\xF0\x9F\x94\xAC";"<ed><a0><bd><ed><b4><ac>"
"MILKY WAY";"🌌";"\xF0\x9F\x8C\x8C";"<ed><a0><bc><ed><bc><8c>"
"MINIBUS";"🚐";"\xF0\x9F\x9A\x90";"<ed><a0><bd><ed><ba><90>"
"MINIDISC";"💽";"\xF0\x9F\x92\xBD";"<ed><a0><bd><ed><b2><bd>"
"MOBILE PHONE";"📱";"\xF0\x9F\x93\xB1";"<ed><a0><bd><ed><b3><b1>"
"MOBILE PHONE OFF";"📴";"\xF0\x9F\x93\xB4";"<ed><a0><bd><ed><b3><b4>"
"MOBILE PHONE WITH RIGHTWARDS ARROW AT LEFT";"📲";"\xF0\x9F\x93\xB2";"<ed><a0><bd><ed><b3><b2>"
"MONEY BAG";"💰";"\xF0\x9F\x92\xB0";"<ed><a0><bd><ed><b2><b0>"
"MONEY WITH WINGS";"💸";"\xF0\x9F\x92\xB8";"<ed><a0><bd><ed><b2><b8>"
"MONKEY";"🐒";"\xF0\x9F\x90\x92";"<ed><a0><bd><ed><b0><92>"
"MONKEY FACE";"🐵";"\xF0\x9F\x90\xB5";"<ed><a0><bd><ed><b0><b5>"
"MONORAIL";"🚝";"\xF0\x9F\x9A\x9D";"<ed><a0><bd><ed><ba><9d>"
"MOON VIEWING CEREMONY";"🎑";"\xF0\x9F\x8E\x91";"<ed><a0><bc><ed><be><91>"
"MOUNT FUJI";"🗻";"\xF0\x9F\x97\xBB";"<ed><a0><bd><ed><b7><bb>"
"MOUNTAIN BICYCLIST";"🚵";"\xF0\x9F\x9A\xB5";"<ed><a0><bd><ed><ba><b5>"
"MOUNTAIN CABLEWAY";"🚠";"\xF0\x9F\x9A\xA0";"<ed><a0><bd><ed><ba><a0>"
"MOUNTAIN RAILWAY";"🚞";"\xF0\x9F\x9A\x9E";"<ed><a0><bd><ed><ba><9e>"
"MOUSE";"🐁";"\xF0\x9F\x90\x81";"<ed><a0><bd><ed><b0><81>"
"MOUSE FACE";"🐭";"\xF0\x9F\x90\xAD";"<ed><a0><bd><ed><b0><ad>"
"MOUTH";"👄";"\xF0\x9F\x91\x84";"<ed><a0><bd><ed><b1><84>"
"MOVIE CAMERA";"🎥";"\xF0\x9F\x8E\xA5";"<ed><a0><bc><ed><be><a5>"
"MOYAI";"🗿";"\xF0\x9F\x97\xBF";"<ed><a0><bd><ed><b7><bf>"
"MULTIPLE MUSICAL NOTES";"🎶";"\xF0\x9F\x8E\xB6";"<ed><a0><bc><ed><be><b6>"
"MUSHROOM";"🍄";"\xF0\x9F\x8D\x84";"<ed><a0><bc><ed><bd><84>"
"MUSICAL KEYBOARD";"🎹";"\xF0\x9F\x8E\xB9";"<ed><a0><bc><ed><be><b9>"
"MUSICAL NOTE";"🎵";"\xF0\x9F\x8E\xB5";"<ed><a0><bc><ed><be><b5>"
"MUSICAL SCORE";"🎼";"\xF0\x9F\x8E\xBC";"<ed><a0><bc><ed><be><bc>"
"NAIL POLISH";"💅";"\xF0\x9F\x92\x85";"<ed><a0><bd><ed><b2><85>"
"NAME BADGE";"📛";"\xF0\x9F\x93\x9B";"<ed><a0><bd><ed><b3><9b>"
"NECKTIE";"👔";"\xF0\x9F\x91\x94";"<ed><a0><bd><ed><b1><94>"
"NEGATIVE SQUARED AB";"🆎";"\xF0\x9F\x86\x8E";"<ed><a0><bc><ed><b6><8e>"
"NEGATIVE SQUARED CROSS MARK";"❎";"\xE2\x9D\x8E";"<e2><9d><8e>"
"NEGATIVE SQUARED LATIN CAPITAL LETTER A";"🅰";"\xF0\x9F\x85\xB0";"<ed><a0><bc><ed><b5><b0>"
"NEGATIVE SQUARED LATIN CAPITAL LETTER B";"🅱";"\xF0\x9F\x85\xB1";"<ed><a0><bc><ed><b5><b1>"
"NEGATIVE SQUARED LATIN CAPITAL LETTER O";"🅾";"\xF0\x9F\x85\xBE";"<ed><a0><bc><ed><b5><be>"
"NEGATIVE SQUARED LATIN CAPITAL LETTER P";"🅿";"\xF0\x9F\x85\xBF";"<ed><a0><bc><ed><b5><bf>"
"NEUTRAL FACE";"😐";"\xF0\x9F\x98\x90";"<ed><a0><bd><ed><b8><90>"
"NEW MOON SYMBOL";"🌑";"\xF0\x9F\x8C\x91";"<ed><a0><bc><ed><bc><91>"
"NEW MOON WITH FACE";"🌚";"\xF0\x9F\x8C\x9A";"<ed><a0><bc><ed><bc><9a>"
"NEWSPAPER";"📰";"\xF0\x9F\x93\xB0";"<ed><a0><bd><ed><b3><b0>"
"NIGHT WITH STARS";"🌃";"\xF0\x9F\x8C\x83";"<ed><a0><bc><ed><bc><83>"
"NO BICYCLES";"🚳";"\xF0\x9F\x9A\xB3";"<ed><a0><bd><ed><ba><b3>"
"NO ENTRY";"⛔";"\xE2\x9B\x94";"<e2><9b><94>"
"NO ENTRY SIGN";"🚫";"\xF0\x9F\x9A\xAB";"<ed><a0><bd><ed><ba><ab>"
"NO MOBILE PHONES";"📵";"\xF0\x9F\x93\xB5";"<ed><a0><bd><ed><b3><b5>"
"NO ONE UNDER EIGHTEEN SYMBOL";"🔞";"\xF0\x9F\x94\x9E";"<ed><a0><bd><ed><b4><9e>"
"NO PEDESTRIANS";"🚷";"\xF0\x9F\x9A\xB7";"<ed><a0><bd><ed><ba><b7>"
"NO SMOKING SYMBOL";"🚭";"\xF0\x9F\x9A\xAD";"<ed><a0><bd><ed><ba><ad>"
"NON-POTABLE WATER SYMBOL";"🚱";"\xF0\x9F\x9A\xB1";"<ed><a0><bd><ed><ba><b1>"
"NORTH EAST ARROW";"↗";"\xE2\x86\x97";"<e2><86><97>"
"NORTH WEST ARROW";"↖";"\xE2\x86\x96";"<e2><86><96>"
"NOSE";"👃";"\xF0\x9F\x91\x83";"<ed><a0><bd><ed><b1><83>"
"NOTEBOOK";"📓";"\xF0\x9F\x93\x93";"<ed><a0><bd><ed><b3><93>"
"NOTEBOOK WITH DECORATIVE COVER";"📔";"\xF0\x9F\x93\x94";"<ed><a0><bd><ed><b3><94>"
"NUMBER SIGN + COMBINING ENCLOSING KEYCAP";"#⃣";"\x23\xE2\x83\xA3";"#<e2><83><a3>"
"NUT AND BOLT";"🔩";"\xF0\x9F\x94\xA9";"<ed><a0><bd><ed><b4><a9>"
"OCTOPUS";"🐙";"\xF0\x9F\x90\x99";"<ed><a0><bd><ed><b0><99>"
"ODEN";"🍢";"\xF0\x9F\x8D\xA2";"<ed><a0><bc><ed><bd><a2>"
"OFFICE BUILDING";"🏢";"\xF0\x9F\x8F\xA2";"<ed><a0><bc><ed><bf><a2>"
"OK HAND SIGN";"👌";"\xF0\x9F\x91\x8C";"<ed><a0><bd><ed><b1><8c>"
"OLDER MAN";"👴";"\xF0\x9F\x91\xB4";"<ed><a0><bd><ed><b1><b4>"
"OLDER WOMAN";"👵";"\xF0\x9F\x91\xB5";"<ed><a0><bd><ed><b1><b5>"
"ON WITH EXCLAMATION MARK WITH LEFT RIGHT ARROW ABOVE";"🔛";"\xF0\x9F\x94\x9B";"<ed><a0><bd><ed><b4><9b>"
"ONCOMING AUTOMOBILE";"🚘";"\xF0\x9F\x9A\x98";"<ed><a0><bd><ed><ba><98>"
"ONCOMING BUS";"🚍";"\xF0\x9F\x9A\x8D";"<ed><a0><bd><ed><ba><8d>"
"ONCOMING POLICE CAR";"🚔";"\xF0\x9F\x9A\x94";"<ed><a0><bd><ed><ba><94>"
"ONCOMING TAXI";"🚖";"\xF0\x9F\x9A\x96";"<ed><a0><bd><ed><ba><96>"
"OPEN BOOK";"📖";"\xF0\x9F\x93\x96";"<ed><a0><bd><ed><b3><96>"
"OPEN FILE FOLDER";"📂";"\xF0\x9F\x93\x82";"<ed><a0><bd><ed><b3><82>"
"OPEN HANDS SIGN";"👐";"\xF0\x9F\x91\x90";"<ed><a0><bd><ed><b1><90>"
"OPEN LOCK";"🔓";"\xF0\x9F\x94\x93";"<ed><a0><bd><ed><b4><93>"
"OPEN MAILBOX WITH LOWERED FLAG";"📭";"\xF0\x9F\x93\xAD";"<ed><a0><bd><ed><b3><ad>"
"OPEN MAILBOX WITH RAISED FLAG";"📬";"\xF0\x9F\x93\xAC";"<ed><a0><bd><ed><b3><ac>"
"OPHIUCHUS";"⛎";"\xE2\x9B\x8E";"<e2><9b><8e>"
"OPTICAL DISC";"💿";"\xF0\x9F\x92\xBF";"<ed><a0><bd><ed><b2><bf>"
"ORANGE BOOK";"📙";"\xF0\x9F\x93\x99";"<ed><a0><bd><ed><b3><99>"
"OUTBOX TRAY";"📤";"\xF0\x9F\x93\xA4";"<ed><a0><bd><ed><b3><a4>"
"OX";"🐂";"\xF0\x9F\x90\x82";"<ed><a0><bd><ed><b0><82>"
"PACKAGE";"📦";"\xF0\x9F\x93\xA6";"<ed><a0><bd><ed><b3><a6>"
"PAGE FACING UP";"📄";"\xF0\x9F\x93\x84";"<ed><a0><bd><ed><b3><84>"
"PAGE WITH CURL";"📃";"\xF0\x9F\x93\x83";"<ed><a0><bd><ed><b3><83>"
"PAGER";"📟";"\xF0\x9F\x93\x9F";"<ed><a0><bd><ed><b3><9f>"
"PALM TREE";"🌴";"\xF0\x9F\x8C\xB4";"<ed><a0><bc><ed><bc><b4>"
"PANDA FACE";"🐼";"\xF0\x9F\x90\xBC";"<ed><a0><bd><ed><b0><bc>"
"PAPERCLIP";"📎";"\xF0\x9F\x93\x8E";"<ed><a0><bd><ed><b3><8e>"
"PART ALTERNATION MARK";"〽";"\xE3\x80\xBD";"<e3><80><bd>"
"PARTY POPPER";"🎉";"\xF0\x9F\x8E\x89";"<ed><a0><bc><ed><be><89>"
"PASSPORT CONTROL";"🛂";"\xF0\x9F\x9B\x82";"<ed><a0><bd><ed><bb><82>"
"PAW PRINTS";"🐾";"\xF0\x9F\x90\xBE";"<ed><a0><bd><ed><b0><be>"
"PEACH";"🍑";"\xF0\x9F\x8D\x91";"<ed><a0><bc><ed><bd><91>"
"PEAR";"🍐";"\xF0\x9F\x8D\x90";"<ed><a0><bc><ed><bd><90>"
"PEDESTRIAN";"🚶";"\xF0\x9F\x9A\xB6";"<ed><a0><bd><ed><ba><b6>"
"PENCIL";"✏";"\xE2\x9C\x8F";"<e2><9c><8f>"
"PENGUIN";"🐧";"\xF0\x9F\x90\xA7";"<ed><a0><bd><ed><b0><a7>"
"PENSIVE FACE";"😔";"\xF0\x9F\x98\x94";"<ed><a0><bd><ed><b8><94>"
"PERFORMING ARTS";"🎭";"\xF0\x9F\x8E\xAD";"<ed><a0><bc><ed><be><ad>"
"PERSEVERING FACE";"😣";"\xF0\x9F\x98\xA3";"<ed><a0><bd><ed><b8><a3>"
"PERSON BOWING DEEPLY";"🙇";"\xF0\x9F\x99\x87";"<ed><a0><bd><ed><b9><87>"
"PERSON FROWNING";"🙍";"\xF0\x9F\x99\x8D";"<ed><a0><bd><ed><b9><8d>"
"PERSON RAISING BOTH HANDS IN CELEBRATION";"🙌";"\xF0\x9F\x99\x8C";"<ed><a0><bd><ed><b9><8c>"
"PERSON WITH BLOND HAIR";"👱";"\xF0\x9F\x91\xB1";"<ed><a0><bd><ed><b1><b1>"
"PERSON WITH FOLDED HANDS";"🙏";"\xF0\x9F\x99\x8F";"<ed><a0><bd><ed><b9><8f>"
"PERSON WITH POUTING FACE";"🙎";"\xF0\x9F\x99\x8E";"<ed><a0><bd><ed><b9><8e>"
"PERSONAL COMPUTER";"💻";"\xF0\x9F\x92\xBB";"<ed><a0><bd><ed><b2><bb>"
"PIG";"🐖";"\xF0\x9F\x90\x96";"<ed><a0><bd><ed><b0><96>"
"PIG FACE";"🐷";"\xF0\x9F\x90\xB7";"<ed><a0><bd><ed><b0><b7>"
"PIG NOSE";"🐽";"\xF0\x9F\x90\xBD";"<ed><a0><bd><ed><b0><bd>"
"PILE OF POO";"💩";"\xF0\x9F\x92\xA9";"<ed><a0><bd><ed><b2><a9>"
"PILL";"💊";"\xF0\x9F\x92\x8A";"<ed><a0><bd><ed><b2><8a>"
"PINE DECORATION";"🎍";"\xF0\x9F\x8E\x8D";"<ed><a0><bc><ed><be><8d>"
"PINEAPPLE";"🍍";"\xF0\x9F\x8D\x8D";"<ed><a0><bc><ed><bd><8d>"
"PISCES";"♓";"\xE2\x99\x93";"<e2><99><93>"
"PISTOL";"🔫";"\xF0\x9F\x94\xAB";"<ed><a0><bd><ed><b4><ab>"
"PLAYING CARD BLACK JOKER";"🃏";"\xF0\x9F\x83\x8F";"<ed><a0><bc><ed><b3><8f>"
"POLICE CAR";"🚓";"\xF0\x9F\x9A\x93";"<ed><a0><bd><ed><ba><93>"
"POLICE CARS REVOLVING LIGHT";"🚨";"\xF0\x9F\x9A\xA8";"<ed><a0><bd><ed><ba><a8>"
"POLICE OFFICER";"👮";"\xF0\x9F\x91\xAE";"<ed><a0><bd><ed><b1><ae>"
"POODLE";"🐩";"\xF0\x9F\x90\xA9";"<ed><a0><bd><ed><b0><a9>"
"POSTAL HORN";"📯";"\xF0\x9F\x93\xAF";"<ed><a0><bd><ed><b3><af>"
"POSTBOX";"📮";"\xF0\x9F\x93\xAE";"<ed><a0><bd><ed><b3><ae>"
"POT OF FOOD";"🍲";"\xF0\x9F\x8D\xB2";"<ed><a0><bc><ed><bd><b2>"
"POTABLE WATER SYMBOL";"🚰";"\xF0\x9F\x9A\xB0";"<ed><a0><bd><ed><ba><b0>"
"POUCH";"👝";"\xF0\x9F\x91\x9D";"<ed><a0><bd><ed><b1><9d>"
"POULTRY LEG";"🍗";"\xF0\x9F\x8D\x97";"<ed><a0><bc><ed><bd><97>"
"POUTING CAT FACE";"😾";"\xF0\x9F\x98\xBE";"<ed><a0><bd><ed><b8><be>"
"POUTING FACE";"😡";"\xF0\x9F\x98\xA1";"<ed><a0><bd><ed><b8><a1>"
"PRINCESS";"👸";"\xF0\x9F\x91\xB8";"<ed><a0><bd><ed><b1><b8>"
"PUBLIC ADDRESS LOUDSPEAKER";"📢";"\xF0\x9F\x93\xA2";"<ed><a0><bd><ed><b3><a2>"
"PURPLE HEART";"💜";"\xF0\x9F\x92\x9C";"<ed><a0><bd><ed><b2><9c>"
"PURSE";"👛";"\xF0\x9F\x91\x9B";"<ed><a0><bd><ed><b1><9b>"
"PUSHPIN";"📌";"\xF0\x9F\x93\x8C";"<ed><a0><bd><ed><b3><8c>"
"PUT LITTER IN ITS PLACE SYMBOL";"🚮";"\xF0\x9F\x9A\xAE";"<ed><a0><bd><ed><ba><ae>"
"RABBIT";"🐇";"\xF0\x9F\x90\x87";"<ed><a0><bd><ed><b0><87>"
"RABBIT FACE";"🐰";"\xF0\x9F\x90\xB0";"<ed><a0><bd><ed><b0><b0>"
"RADIO";"📻";"\xF0\x9F\x93\xBB";"<ed><a0><bd><ed><b3><bb>"
"RADIO BUTTON";"🔘";"\xF0\x9F\x94\x98";"<ed><a0><bd><ed><b4><98>"
"RAILWAY CAR";"🚃";"\xF0\x9F\x9A\x83";"<ed><a0><bd><ed><ba><83>"
"RAINBOW";"🌈";"\xF0\x9F\x8C\x88";"<ed><a0><bc><ed><bc><88>"
"RAISED FIST";"✊";"\xE2\x9C\x8A";"<e2><9c><8a>"
"RAISED HAND";"✋";"\xE2\x9C\x8B";"<e2><9c><8b>"
"RAM";"🐏";"\xF0\x9F\x90\x8F";"<ed><a0><bd><ed><b0><8f>"
"RAT";"🐀";"\xF0\x9F\x90\x80";"<ed><a0><bd><ed><b0><80>"
"RECREATIONAL VEHICLE";"🚙";"\xF0\x9F\x9A\x99";"<ed><a0><bd><ed><ba><99>"
"RED APPLE";"🍎";"\xF0\x9F\x8D\x8E";"<ed><a0><bc><ed><bd><8e>"
"REGIONAL INDICATOR SYMBOL LETTER C + REGIONAL INDICATOR SYMBOL LETTER N";"🇨🇳";"\xF0\x9F\x87\xA8\xF0\x9F\x87\xB3";"<ed><a0><bc><ed><b7><a8><ed><a0><bc><ed><b7><b3>"
"REGIONAL INDICATOR SYMBOL LETTER D + REGIONAL INDICATOR SYMBOL LETTER E";"🇩🇪";"\xF0\x9F\x87\xA9\xF0\x9F\x87\xAA";"<ed><a0><bc><ed><b7><a9><ed><a0><bc><ed><b7><aa>"
"REGIONAL INDICATOR SYMBOL LETTER E + REGIONAL INDICATOR SYMBOL LETTER S";"🇪🇸";"\xF0\x9F\x87\xAA\xF0\x9F\x87\xB8";"<ed><a0><bc><ed><b7><aa><ed><a0><bc><ed><b7><b8>"
"REGIONAL INDICATOR SYMBOL LETTER F + REGIONAL INDICATOR SYMBOL LETTER R";"🇫🇷";"\xF0\x9F\x87\xAB\xF0\x9F\x87\xB7";"<ed><a0><bc><ed><b7><ab><ed><a0><bc><ed><b7><b7>"
"REGIONAL INDICATOR SYMBOL LETTER G + REGIONAL INDICATOR SYMBOL LETTER B";"🇬🇧";"\xF0\x9F\x87\xAC\xF0\x9F\x87\xA7";"<ed><a0><bc><ed><b7><ac><ed><a0><bc><ed><b7><a7>"
"REGIONAL INDICATOR SYMBOL LETTER I + REGIONAL INDICATOR SYMBOL LETTER T";"🇮🇹";"\xF0\x9F\x87\xAE\xF0\x9F\x87\xB9";"<ed><a0><bc><ed><b7><ae><ed><a0><bc><ed><b7><b9>"
"REGIONAL INDICATOR SYMBOL LETTER J + REGIONAL INDICATOR SYMBOL LETTER P";"🇯🇵";"\xF0\x9F\x87\xAF\xF0\x9F\x87\xB5";"<ed><a0><bc><ed><b7><af><ed><a0><bc><ed><b7><b5>"
"REGIONAL INDICATOR SYMBOL LETTER K + REGIONAL INDICATOR SYMBOL LETTER R";"🇰🇷";"\xF0\x9F\x87\xB0\xF0\x9F\x87\xB7";"<ed><a0><bc><ed><b7><b0><ed><a0><bc><ed><b7><b7>"
"REGIONAL INDICATOR SYMBOL LETTER R + REGIONAL INDICATOR SYMBOL LETTER U";"🇷🇺";"\xF0\x9F\x87\xB7\xF0\x9F\x87\xBA";"<ed><a0><bc><ed><b7><b7><ed><a0><bc><ed><b7><ba>"
"REGIONAL INDICATOR SYMBOL LETTER U + REGIONAL INDICATOR SYMBOL LETTER S";"🇺🇸";"\xF0\x9F\x87\xBA\xF0\x9F\x87\xB8";"<ed><a0><bc><ed><b7><ba><ed><a0><bc><ed><b7><b8>"
"REGISTERED SIGN";"®";"\xC2\xAE";"<c2><ae>"
"RELIEVED FACE";"😌";"\xF0\x9F\x98\x8C";"<ed><a0><bd><ed><b8><8c>"
"RESTROOM";"🚻";"\xF0\x9F\x9A\xBB";"<ed><a0><bd><ed><ba><bb>"
"REVOLVING HEARTS";"💞";"\xF0\x9F\x92\x9E";"<ed><a0><bd><ed><b2><9e>"
"RIBBON";"🎀";"\xF0\x9F\x8E\x80";"<ed><a0><bc><ed><be><80>"
"RICE BALL";"🍙";"\xF0\x9F\x8D\x99";"<ed><a0><bc><ed><bd><99>"
"RICE CRACKER";"🍘";"\xF0\x9F\x8D\x98";"<ed><a0><bc><ed><bd><98>"
"RIGHT-POINTING MAGNIFYING GLASS";"🔎";"\xF0\x9F\x94\x8E";"<ed><a0><bd><ed><b4><8e>"
"RIGHTWARDS ARROW WITH HOOK";"↪";"\xE2\x86\xAA";"<e2><86><aa>"
"RING";"💍";"\xF0\x9F\x92\x8D";"<ed><a0><bd><ed><b2><8d>"
"ROASTED SWEET POTATO";"🍠";"\xF0\x9F\x8D\xA0";"<ed><a0><bc><ed><bd><a0>"
"ROCKET";"🚀";"\xF0\x9F\x9A\x80";"<ed><a0><bd><ed><ba><80>"
"ROLLER COASTER";"🎢";"\xF0\x9F\x8E\xA2";"<ed><a0><bc><ed><be><a2>"
"ROOSTER";"🐓";"\xF0\x9F\x90\x93";"<ed><a0><bd><ed><b0><93>"
"ROSE";"🌹";"\xF0\x9F\x8C\xB9";"<ed><a0><bc><ed><bc><b9>"
"ROUND PUSHPIN";"📍";"\xF0\x9F\x93\x8D";"<ed><a0><bd><ed><b3><8d>"
"ROWBOAT";"🚣";"\xF0\x9F\x9A\xA3";"<ed><a0><bd><ed><ba><a3>"
"RUGBY FOOTBALL";"🏉";"\xF0\x9F\x8F\x89";"<ed><a0><bc><ed><bf><89>"
"RUNNER";"🏃";"\xF0\x9F\x8F\x83";"<ed><a0><bc><ed><bf><83>"
"RUNNING SHIRT WITH SASH";"🎽";"\xF0\x9F\x8E\xBD";"<ed><a0><bc><ed><be><bd>"
"SAGITTARIUS";"♐";"\xE2\x99\x90";"<e2><99><90>"
"SAILBOAT";"⛵";"\xE2\x9B\xB5";"<e2><9b><b5>"
"SAKE BOTTLE AND CUP";"🍶";"\xF0\x9F\x8D\xB6";"<ed><a0><bc><ed><bd><b6>"
"SATELLITE ANTENNA";"📡";"\xF0\x9F\x93\xA1";"<ed><a0><bd><ed><b3><a1>"
"SAXOPHONE";"🎷";"\xF0\x9F\x8E\xB7";"<ed><a0><bc><ed><be><b7>"
"SCHOOL";"🏫";"\xF0\x9F\x8F\xAB";"<ed><a0><bc><ed><bf><ab>"
"SCHOOL SATCHEL";"🎒";"\xF0\x9F\x8E\x92";"<ed><a0><bc><ed><be><92>"
"SCORPIUS";"♏";"\xE2\x99\x8F";"<e2><99><8f>"
"SCROLL";"📜";"\xF0\x9F\x93\x9C";"<ed><a0><bd><ed><b3><9c>"
"SEAT";"💺";"\xF0\x9F\x92\xBA";"<ed><a0><bd><ed><b2><ba>"
"SEE-NO-EVIL MONKEY";"🙈";"\xF0\x9F\x99\x88";"<ed><a0><bd><ed><b9><88>"
"SEEDLING";"🌱";"\xF0\x9F\x8C\xB1";"<ed><a0><bc><ed><bc><b1>"
"SHAVED ICE";"🍧";"\xF0\x9F\x8D\xA7";"<ed><a0><bc><ed><bd><a7>"
"SHEEP";"🐑";"\xF0\x9F\x90\x91";"<ed><a0><bd><ed><b0><91>"
"SHIP";"🚢";"\xF0\x9F\x9A\xA2";"<ed><a0><bd><ed><ba><a2>"
"SHOOTING STAR";"🌠";"\xF0\x9F\x8C\xA0";"<ed><a0><bc><ed><bc><a0>"
"SHORTCAKE";"🍰";"\xF0\x9F\x8D\xB0";"<ed><a0><bc><ed><bd><b0>"
"SHOWER";"🚿";"\xF0\x9F\x9A\xBF";"<ed><a0><bd><ed><ba><bf>"
"SILHOUETTE OF JAPAN";"🗾";"\xF0\x9F\x97\xBE";"<ed><a0><bd><ed><b7><be>"
"SIX POINTED STAR WITH MIDDLE DOT";"🔯";"\xF0\x9F\x94\xAF";"<ed><a0><bd><ed><b4><af>"
"SKI AND SKI BOOT";"🎿";"\xF0\x9F\x8E\xBF";"<ed><a0><bc><ed><be><bf>"
"SKULL";"💀";"\xF0\x9F\x92\x80";"<ed><a0><bd><ed><b2><80>"
"SLEEPING FACE";"😴";"\xF0\x9F\x98\xB4";"<ed><a0><bd><ed><b8><b4>"
"SLEEPING SYMBOL";"💤";"\xF0\x9F\x92\xA4";"<ed><a0><bd><ed><b2><a4>"
"SLEEPY FACE";"😪";"\xF0\x9F\x98\xAA";"<ed><a0><bd><ed><b8><aa>"
"SLICE OF PIZZA";"🍕";"\xF0\x9F\x8D\x95";"<ed><a0><bc><ed><bd><95>"
"SLOT MACHINE";"🎰";"\xF0\x9F\x8E\xB0";"<ed><a0><bc><ed><be><b0>"
"SMALL BLUE DIAMOND";"🔹";"\xF0\x9F\x94\xB9";"<ed><a0><bd><ed><b4><b9>"
"SMALL ORANGE DIAMOND";"🔸";"\xF0\x9F\x94\xB8";"<ed><a0><bd><ed><b4><b8>"
"SMILING CAT FACE WITH HEART-SHAPED EYES";"😻";"\xF0\x9F\x98\xBB";"<ed><a0><bd><ed><b8><bb>"
"SMILING CAT FACE WITH OPEN MOUTH";"😺";"\xF0\x9F\x98\xBA";"<ed><a0><bd><ed><b8><ba>"
"SMILING FACE WITH HALO";"😇";"\xF0\x9F\x98\x87";"<ed><a0><bd><ed><b8><87>"
"SMILING FACE WITH HEART-SHAPED EYES";"😍";"\xF0\x9F\x98\x8D";"<ed><a0><bd><ed><b8><8d>"
"SMILING FACE WITH HORNS";"😈";"\xF0\x9F\x98\x88";"<ed><a0><bd><ed><b8><88>"
"SMILING FACE WITH OPEN MOUTH";"😃";"\xF0\x9F\x98\x83";"<ed><a0><bd><ed><b8><83>"
"SMILING FACE WITH OPEN MOUTH AND COLD SWEAT";"😅";"\xF0\x9F\x98\x85";"<ed><a0><bd><ed><b8><85>"
"SMILING FACE WITH OPEN MOUTH AND SMILING EYES";"😄";"\xF0\x9F\x98\x84";"<ed><a0><bd><ed><b8><84>"
"SMILING FACE WITH OPEN MOUTH AND TIGHTLY-CLOSED EYES";"😆";"\xF0\x9F\x98\x86";"<ed><a0><bd><ed><b8><86>"
"SMILING FACE WITH SMILING EYES";"😊";"\xF0\x9F\x98\x8A";"<ed><a0><bd><ed><b8><8a>"
"SMILING FACE WITH SUNGLASSES";"😎";"\xF0\x9F\x98\x8E";"<ed><a0><bd><ed><b8><8e>"
"SMIRKING FACE";"😏";"\xF0\x9F\x98\x8F";"<ed><a0><bd><ed><b8><8f>"
"SMOKING SYMBOL";"🚬";"\xF0\x9F\x9A\xAC";"<ed><a0><bd><ed><ba><ac>"
"SNAIL";"🐌";"\xF0\x9F\x90\x8C";"<ed><a0><bd><ed><b0><8c>"
"SNAKE";"🐍";"\xF0\x9F\x90\x8D";"<ed><a0><bd><ed><b0><8d>"
"SNOWBOARDER";"🏂";"\xF0\x9F\x8F\x82";"<ed><a0><bc><ed><bf><82>"
"SNOWFLAKE";"❄";"\xE2\x9D\x84";"<e2><9d><84>"
"SNOWMAN WITHOUT SNOW";"⛄";"\xE2\x9B\x84";"<e2><9b><84>"
"SOCCER BALL";"⚽";"\xE2\x9A\xBD";"<e2><9a><bd>"
"SOFT ICE CREAM";"🍦";"\xF0\x9F\x8D\xA6";"<ed><a0><bc><ed><bd><a6>"
"SOON WITH RIGHTWARDS ARROW ABOVE";"🔜";"\xF0\x9F\x94\x9C";"<ed><a0><bd><ed><b4><9c>"
"SOUTH EAST ARROW";"↘";"\xE2\x86\x98";"<e2><86><98>"
"SOUTH WEST ARROW";"↙";"\xE2\x86\x99";"<e2><86><99>"
"SPAGHETTI";"🍝";"\xF0\x9F\x8D\x9D";"<ed><a0><bc><ed><bd><9d>"
"SPARKLE";"❇";"\xE2\x9D\x87";"<e2><9d><87>"
"SPARKLES";"✨";"\xE2\x9C\xA8";"<e2><9c><a8>"
"SPARKLING HEART";"💖";"\xF0\x9F\x92\x96";"<ed><a0><bd><ed><b2><96>"
"SPEAK-NO-EVIL MONKEY";"🙊";"\xF0\x9F\x99\x8A";"<ed><a0><bd><ed><b9><8a>"
"SPEAKER WITH CANCELLATION STROKE";"🔇";"\xF0\x9F\x94\x87";"<ed><a0><bd><ed><b4><87>"
"SPEAKER WITH ONE SOUND WAVE";"🔉";"\xF0\x9F\x94\x89";"<ed><a0><bd><ed><b4><89>"
"SPEAKER WITH THREE SOUND WAVES";"🔊";"\xF0\x9F\x94\x8A";"<ed><a0><bd><ed><b4><8a>"
"SPEECH BALLOON";"💬";"\xF0\x9F\x92\xAC";"<ed><a0><bd><ed><b2><ac>"
"SPEEDBOAT";"🚤";"\xF0\x9F\x9A\xA4";"<ed><a0><bd><ed><ba><a4>"
"SPIRAL SHELL";"🐚";"\xF0\x9F\x90\x9A";"<ed><a0><bd><ed><b0><9a>"
"SPLASHING SWEAT SYMBOL";"💦";"\xF0\x9F\x92\xA6";"<ed><a0><bd><ed><b2><a6>"
"SPOUTING WHALE";"🐳";"\xF0\x9F\x90\xB3";"<ed><a0><bd><ed><b0><b3>"
"SQUARED CJK UNIFIED IDEOGRAPH-5272";"🈹";"\xF0\x9F\x88\xB9";"<ed><a0><bc><ed><b8><b9>"
"SQUARED CJK UNIFIED IDEOGRAPH-5408";"🈴";"\xF0\x9F\x88\xB4";"<ed><a0><bc><ed><b8><b4>"
"SQUARED CJK UNIFIED IDEOGRAPH-55B6";"🈺";"\xF0\x9F\x88\xBA";"<ed><a0><bc><ed><b8><ba>"
"SQUARED CJK UNIFIED IDEOGRAPH-6307";"🈯";"\xF0\x9F\x88\xAF";"<ed><a0><bc><ed><b8><af>"
"SQUARED CJK UNIFIED IDEOGRAPH-6708";"🈷";"\xF0\x9F\x88\xB7";"<ed><a0><bc><ed><b8><b7>"
"SQUARED CJK UNIFIED IDEOGRAPH-6709";"🈶";"\xF0\x9F\x88\xB6";"<ed><a0><bc><ed><b8><b6>"
"SQUARED CJK UNIFIED IDEOGRAPH-6E80";"🈵";"\xF0\x9F\x88\xB5";"<ed><a0><bc><ed><b8><b5>"
"SQUARED CJK UNIFIED IDEOGRAPH-7121";"🈚";"\xF0\x9F\x88\x9A";"<ed><a0><bc><ed><b8><9a>"
"SQUARED CJK UNIFIED IDEOGRAPH-7533";"🈸";"\xF0\x9F\x88\xB8";"<ed><a0><bc><ed><b8><b8>"
"SQUARED CJK UNIFIED IDEOGRAPH-7981";"🈲";"\xF0\x9F\x88\xB2";"<ed><a0><bc><ed><b8><b2>"
"SQUARED CJK UNIFIED IDEOGRAPH-7A7A";"🈳";"\xF0\x9F\x88\xB3";"<ed><a0><bc><ed><b8><b3>"
"SQUARED CL";"🆑";"\xF0\x9F\x86\x91";"<ed><a0><bc><ed><b6><91>"
"SQUARED COOL";"🆒";"\xF0\x9F\x86\x92";"<ed><a0><bc><ed><b6><92>"
"SQUARED FREE";"🆓";"\xF0\x9F\x86\x93";"<ed><a0><bc><ed><b6><93>"
"SQUARED ID";"🆔";"\xF0\x9F\x86\x94";"<ed><a0><bc><ed><b6><94>"
"SQUARED KATAKANA KOKO";"🈁";"\xF0\x9F\x88\x81";"<ed><a0><bc><ed><b8><81>"
"SQUARED KATAKANA SA";"🈂";"\xF0\x9F\x88\x82";"<ed><a0><bc><ed><b8><82>"
"SQUARED NEW";"🆕";"\xF0\x9F\x86\x95";"<ed><a0><bc><ed><b6><95>"
"SQUARED NG";"🆖";"\xF0\x9F\x86\x96";"<ed><a0><bc><ed><b6><96>"
"SQUARED OK";"🆗";"\xF0\x9F\x86\x97";"<ed><a0><bc><ed><b6><97>"
"SQUARED SOS";"🆘";"\xF0\x9F\x86\x98";"<ed><a0><bc><ed><b6><98>"
"SQUARED UP WITH EXCLAMATION MARK";"🆙";"\xF0\x9F\x86\x99";"<ed><a0><bc><ed><b6><99>"
"SQUARED VS";"🆚";"\xF0\x9F\x86\x9A";"<ed><a0><bc><ed><b6><9a>"
"STATION";"🚉";"\xF0\x9F\x9A\x89";"<ed><a0><bd><ed><ba><89>"
"STATUE OF LIBERTY";"🗽";"\xF0\x9F\x97\xBD";"<ed><a0><bd><ed><b7><bd>"
"STEAM LOCOMOTIVE";"🚂";"\xF0\x9F\x9A\x82";"<ed><a0><bd><ed><ba><82>"
"STEAMING BOWL";"🍜";"\xF0\x9F\x8D\x9C";"<ed><a0><bc><ed><bd><9c>"
"STRAIGHT RULER";"📏";"\xF0\x9F\x93\x8F";"<ed><a0><bd><ed><b3><8f>"
"STRAWBERRY";"🍓";"\xF0\x9F\x8D\x93";"<ed><a0><bc><ed><bd><93>"
"SUN BEHIND CLOUD";"⛅";"\xE2\x9B\x85";"<e2><9b><85>"
"SUN WITH FACE";"🌞";"\xF0\x9F\x8C\x9E";"<ed><a0><bc><ed><bc><9e>"
"SUNFLOWER";"🌻";"\xF0\x9F\x8C\xBB";"<ed><a0><bc><ed><bc><bb>"
"SUNRISE";"🌅";"\xF0\x9F\x8C\x85";"<ed><a0><bc><ed><bc><85>"
"SUNRISE OVER MOUNTAINS";"🌄";"\xF0\x9F\x8C\x84";"<ed><a0><bc><ed><bc><84>"
"SUNSET OVER BUILDINGS";"🌇";"\xF0\x9F\x8C\x87";"<ed><a0><bc><ed><bc><87>"
"SURFER";"🏄";"\xF0\x9F\x8F\x84";"<ed><a0><bc><ed><bf><84>"
"SUSHI";"🍣";"\xF0\x9F\x8D\xA3";"<ed><a0><bc><ed><bd><a3>"
"SUSPENSION RAILWAY";"🚟";"\xF0\x9F\x9A\x9F";"<ed><a0><bd><ed><ba><9f>"
"SWIMMER";"🏊";"\xF0\x9F\x8F\x8A";"<ed><a0><bc><ed><bf><8a>"
"SYRINGE";"💉";"\xF0\x9F\x92\x89";"<ed><a0><bd><ed><b2><89>"
"T-SHIRT";"👕";"\xF0\x9F\x91\x95";"<ed><a0><bd><ed><b1><95>"
"TANABATA TREE";"🎋";"\xF0\x9F\x8E\x8B";"<ed><a0><bc><ed><be><8b>"
"TANGERINE";"🍊";"\xF0\x9F\x8D\x8A";"<ed><a0><bc><ed><bd><8a>"
"TAURUS";"♉";"\xE2\x99\x89";"<e2><99><89>"
"TAXI";"🚕";"\xF0\x9F\x9A\x95";"<ed><a0><bd><ed><ba><95>"
"TEACUP WITHOUT HANDLE";"🍵";"\xF0\x9F\x8D\xB5";"<ed><a0><bc><ed><bd><b5>"
"TEAR-OFF CALENDAR";"📆";"\xF0\x9F\x93\x86";"<ed><a0><bd><ed><b3><86>"
"TELEPHONE RECEIVER";"📞";"\xF0\x9F\x93\x9E";"<ed><a0><bd><ed><b3><9e>"
"TELESCOPE";"🔭";"\xF0\x9F\x94\xAD";"<ed><a0><bd><ed><b4><ad>"
"TELEVISION";"📺";"\xF0\x9F\x93\xBA";"<ed><a0><bd><ed><b3><ba>"
"TENNIS RACQUET AND BALL";"🎾";"\xF0\x9F\x8E\xBE";"<ed><a0><bc><ed><be><be>"
"TENT";"⛺";"\xE2\x9B\xBA";"<e2><9b><ba>"
"THOUGHT BALLOON";"💭";"\xF0\x9F\x92\xAD";"<ed><a0><bd><ed><b2><ad>"
"THUMBS DOWN SIGN";"👎";"\xF0\x9F\x91\x8E";"<ed><a0><bd><ed><b1><8e>"
"THUMBS UP SIGN";"👍";"\xF0\x9F\x91\x8D";"<ed><a0><bd><ed><b1><8d>"
"TICKET";"🎫";"\xF0\x9F\x8E\xAB";"<ed><a0><bc><ed><be><ab>"
"TIGER";"🐅";"\xF0\x9F\x90\x85";"<ed><a0><bd><ed><b0><85>"
"TIGER FACE";"🐯";"\xF0\x9F\x90\xAF";"<ed><a0><bd><ed><b0><af>"
"TIRED FACE";"😫";"\xF0\x9F\x98\xAB";"<ed><a0><bd><ed><b8><ab>"
"TOILET";"🚽";"\xF0\x9F\x9A\xBD";"<ed><a0><bd><ed><ba><bd>"
"TOKYO TOWER";"🗼";"\xF0\x9F\x97\xBC";"<ed><a0><bd><ed><b7><bc>"
"TOMATO";"🍅";"\xF0\x9F\x8D\x85";"<ed><a0><bc><ed><bd><85>"
"TONGUE";"👅";"\xF0\x9F\x91\x85";"<ed><a0><bd><ed><b1><85>"
"TOP HAT";"🎩";"\xF0\x9F\x8E\xA9";"<ed><a0><bc><ed><be><a9>"
"TOP WITH UPWARDS ARROW ABOVE";"🔝";"\xF0\x9F\x94\x9D";"<ed><a0><bd><ed><b4><9d>"
"TRACTOR";"🚜";"\xF0\x9F\x9A\x9C";"<ed><a0><bd><ed><ba><9c>"
"TRADE MARK SIGN";"™";"\xE2\x84\xA2";"<e2><84><a2>"
"TRAIN";"🚆";"\xF0\x9F\x9A\x86";"<ed><a0><bd><ed><ba><86>"
"TRAM";"🚊";"\xF0\x9F\x9A\x8A";"<ed><a0><bd><ed><ba><8a>"
"TRIANGULAR FLAG ON POST";"🚩";"\xF0\x9F\x9A\xA9";"<ed><a0><bd><ed><ba><a9>"
"TRIANGULAR RULER";"📐";"\xF0\x9F\x93\x90";"<ed><a0><bd><ed><b3><90>"
"TRIDENT EMBLEM";"🔱";"\xF0\x9F\x94\xB1";"<ed><a0><bd><ed><b4><b1>"
"TROLLEYBUS";"🚎";"\xF0\x9F\x9A\x8E";"<ed><a0><bd><ed><ba><8e>"
"TROPHY";"🏆";"\xF0\x9F\x8F\x86";"<ed><a0><bc><ed><bf><86>"
"TROPICAL DRINK";"🍹";"\xF0\x9F\x8D\xB9";"<ed><a0><bc><ed><bd><b9>"
"TROPICAL FISH";"🐠";"\xF0\x9F\x90\xA0";"<ed><a0><bd><ed><b0><a0>"
"TRUMPET";"🎺";"\xF0\x9F\x8E\xBA";"<ed><a0><bc><ed><be><ba>"
"TULIP";"🌷";"\xF0\x9F\x8C\xB7";"<ed><a0><bc><ed><bc><b7>"
"TURTLE";"🐢";"\xF0\x9F\x90\xA2";"<ed><a0><bd><ed><b0><a2>"
"TWISTED RIGHTWARDS ARROWS";"🔀";"\xF0\x9F\x94\x80";"<ed><a0><bd><ed><b4><80>"
"TWO HEARTS";"💕";"\xF0\x9F\x92\x95";"<ed><a0><bd><ed><b2><95>"
"TWO MEN HOLDING HANDS";"👬";"\xF0\x9F\x91\xAC";"<ed><a0><bd><ed><b1><ac>"
"TWO WOMEN HOLDING HANDS";"👭";"\xF0\x9F\x91\xAD";"<ed><a0><bd><ed><b1><ad>"
"UMBRELLA WITH RAIN DROPS";"☔";"\xE2\x98\x94";"<e2><98><94>"
"UNAMUSED FACE";"😒";"\xF0\x9F\x98\x92";"<ed><a0><bd><ed><b8><92>"
"UP DOWN ARROW";"↕";"\xE2\x86\x95";"<e2><86><95>"
"UP-POINTING RED TRIANGLE";"🔺";"\xF0\x9F\x94\xBA";"<ed><a0><bd><ed><b4><ba>"
"UP-POINTING SMALL RED TRIANGLE";"🔼";"\xF0\x9F\x94\xBC";"<ed><a0><bd><ed><b4><bc>"
"UPWARDS BLACK ARROW";"⬆";"\xE2\xAC\x86";"<e2><ac><86>"
"VERTICAL TRAFFIC LIGHT";"🚦";"\xF0\x9F\x9A\xA6";"<ed><a0><bd><ed><ba><a6>"
"VIBRATION MODE";"📳";"\xF0\x9F\x93\xB3";"<ed><a0><bd><ed><b3><b3>"
"VICTORY HAND";"✌";"\xE2\x9C\x8C";"<e2><9c><8c>"
"VIDEO CAMERA";"📹";"\xF0\x9F\x93\xB9";"<ed><a0><bd><ed><b3><b9>"
"VIDEO GAME";"🎮";"\xF0\x9F\x8E\xAE";"<ed><a0><bc><ed><be><ae>"
"VIDEOCASSETTE";"📼";"\xF0\x9F\x93\xBC";"<ed><a0><bd><ed><b3><bc>"
"VIOLIN";"🎻";"\xF0\x9F\x8E\xBB";"<ed><a0><bc><ed><be><bb>"
"VIRGO";"♍";"\xE2\x99\x8D";"<e2><99><8d>"
"VOLCANO";"🌋";"\xF0\x9F\x8C\x8B";"<ed><a0><bc><ed><bc><8b>"
"WANING CRESCENT MOON SYMBOL";"🌘";"\xF0\x9F\x8C\x98";"<ed><a0><bc><ed><bc><98>"
"WANING GIBBOUS MOON SYMBOL";"🌖";"\xF0\x9F\x8C\x96";"<ed><a0><bc><ed><bc><96>"
"WARNING SIGN";"⚠";"\xE2\x9A\xA0";"<e2><9a><a0>"
"WATCH";"⌚";"\xE2\x8C\x9A";"<e2><8c><9a>"
"WATER BUFFALO";"🐃";"\xF0\x9F\x90\x83";"<ed><a0><bd><ed><b0><83>"
"WATER CLOSET";"🚾";"\xF0\x9F\x9A\xBE";"<ed><a0><bd><ed><ba><be>"
"WATER WAVE";"🌊";"\xF0\x9F\x8C\x8A";"<ed><a0><bc><ed><bc><8a>"
"WATERMELON";"🍉";"\xF0\x9F\x8D\x89";"<ed><a0><bc><ed><bd><89>"
"WAVING HAND SIGN";"👋";"\xF0\x9F\x91\x8B";"<ed><a0><bd><ed><b1><8b>"
"WAVY DASH";"〰";"\xE3\x80\xB0";"<e3><80><b0>"
"WAXING CRESCENT MOON SYMBOL";"🌒";"\xF0\x9F\x8C\x92";"<ed><a0><bc><ed><bc><92>"
"WAXING GIBBOUS MOON SYMBOL";"🌔";"\xF0\x9F\x8C\x94";"<ed><a0><bc><ed><bc><94>"
"WEARY CAT FACE";"🙀";"\xF0\x9F\x99\x80";"<ed><a0><bd><ed><b9><80>"
"WEARY FACE";"😩";"\xF0\x9F\x98\xA9";"<ed><a0><bd><ed><b8><a9>"
"WEDDING";"💒";"\xF0\x9F\x92\x92";"<ed><a0><bd><ed><b2><92>"
"WHALE";"🐋";"\xF0\x9F\x90\x8B";"<ed><a0><bd><ed><b0><8b>"
"WHEELCHAIR SYMBOL";"♿";"\xE2\x99\xBF";"<e2><99><bf>"
"WHITE DOWN POINTING BACKHAND INDEX";"👇";"\xF0\x9F\x91\x87";"<ed><a0><bd><ed><b1><87>"
"WHITE EXCLAMATION MARK ORNAMENT";"❕";"\xE2\x9D\x95";"<e2><9d><95>"
"WHITE FLOWER";"💮";"\xF0\x9F\x92\xAE";"<ed><a0><bd><ed><b2><ae>"
"WHITE HEAVY CHECK MARK";"✅";"\xE2\x9C\x85";"<e2><9c><85>"
"WHITE LARGE SQUARE";"⬜";"\xE2\xAC\x9C";"<e2><ac><9c>"
"WHITE LEFT POINTING BACKHAND INDEX";"👈";"\xF0\x9F\x91\x88";"<ed><a0><bd><ed><b1><88>"
"WHITE MEDIUM SMALL SQUARE";"◽";"\xE2\x97\xBD";"<e2><97><bd>"
"WHITE MEDIUM SQUARE";"◻";"\xE2\x97\xBB";"<e2><97><bb>"
"WHITE MEDIUM STAR";"⭐";"\xE2\xAD\x90";"<e2><ad><90>"
"WHITE QUESTION MARK ORNAMENT";"❔";"\xE2\x9D\x94";"<e2><9d><94>"
"WHITE RIGHT POINTING BACKHAND INDEX";"👉";"\xF0\x9F\x91\x89";"<ed><a0><bd><ed><b1><89>"
"WHITE SMALL SQUARE";"▫";"\xE2\x96\xAB";"<e2><96><ab>"
"WHITE SMILING FACE";"☺";"\xE2\x98\xBA";"<e2><98><ba>"
"WHITE SQUARE BUTTON";"🔳";"\xF0\x9F\x94\xB3";"<ed><a0><bd><ed><b4><b3>"
"WHITE UP POINTING BACKHAND INDEX";"👆";"\xF0\x9F\x91\x86";"<ed><a0><bd><ed><b1><86>"
"WHITE UP POINTING INDEX";"☝";"\xE2\x98\x9D";"<e2><98><9d>"
"WIND CHIME";"🎐";"\xF0\x9F\x8E\x90";"<ed><a0><bc><ed><be><90>"
"WINE GLASS";"🍷";"\xF0\x9F\x8D\xB7";"<ed><a0><bc><ed><bd><b7>"
"WINKING FACE";"😉";"\xF0\x9F\x98\x89";"<ed><a0><bd><ed><b8><89>"
"WOLF FACE";"🐺";"\xF0\x9F\x90\xBA";"<ed><a0><bd><ed><b0><ba>"
"WOMAN";"👩";"\xF0\x9F\x91\xA9";"<ed><a0><bd><ed><b1><a9>"
"WOMAN WITH BUNNY EARS";"👯";"\xF0\x9F\x91\xAF";"<ed><a0><bd><ed><b1><af>"
"WOMANS BOOTS";"👢";"\xF0\x9F\x91\xA2";"<ed><a0><bd><ed><b1><a2>"
"WOMANS CLOTHES";"👚";"\xF0\x9F\x91\x9A";"<ed><a0><bd><ed><b1><9a>"
"WOMANS HAT";"👒";"\xF0\x9F\x91\x92";"<ed><a0><bd><ed><b1><92>"
"WOMANS SANDAL";"👡";"\xF0\x9F\x91\xA1";"<ed><a0><bd><ed><b1><a1>"
"WOMENS SYMBOL";"🚺";"\xF0\x9F\x9A\xBA";"<ed><a0><bd><ed><ba><ba>"
"WORRIED FACE";"😟";"\xF0\x9F\x98\x9F";"<ed><a0><bd><ed><b8><9f>"
"WRAPPED PRESENT";"🎁";"\xF0\x9F\x8E\x81";"<ed><a0><bc><ed><be><81>"
"WRENCH";"🔧";"\xF0\x9F\x94\xA7";"<ed><a0><bd><ed><b4><a7>"
"YELLOW HEART";"💛";"\xF0\x9F\x92\x9B";"<ed><a0><bd><ed><b2><9b>"
